date,CLOSE,OPEN,HIGH,LOW,VOLUME
2020-01-02,430.26001,424.5,430.69571,421.70999,9530112
2020-01-03,443.01001,440.5,454.0,436.92001,17754937
2020-01-06,451.54001,440.47,451.56,440.0,10135350
2020-01-07,469.06,461.39999,471.63,453.35501,18173374
2020-01-08,492.14001,473.70001,498.48999,468.23001,31075285
2020-01-09,481.34,497.10001,498.79999,472.87,28379982
2020-01-10,478.14999,481.79001,484.94,473.70001,12936566
2020-01-13,524.85999,493.5,525.63,492.0,26585353
2020-01-14,537.91998,544.255,547.40997,524.90002,28955735
2020-01-15,518.5,529.76001,537.84003,516.78528,17326831
2020-01-16,513.48999,493.75,514.46002,492.17001,21676128
2020-01-17,510.5,507.60999,515.66992,503.16,13613448
2020-01-21,547.20001,530.25,548.58002,528.40997,17729048
2020-01-22,569.56,571.89001,594.5,559.09998,31246840
2020-01-23,572.20001,564.25,582.0,555.60272,19647957
2020-01-24,564.82001,570.63,573.85999,554.26001,14307966
2020-01-27,558.02002,541.98999,564.44,539.28003,13573672
2020-01-28,566.90002,568.48999,576.81,558.08002,11790607
2020-01-29,580.98999,575.69,589.79993,567.42999,18180726
2020-01-30,640.81,632.41998,650.88,618.0,28911713
2020-01-31,650.57001,640.0,653.0,632.52002,15676580
2020-02-03,780.0,673.69,786.14001,673.52002,47076894
2020-02-04,887.06,882.96002,968.98993,833.88,60652235
2020-02-05,734.70001,823.26001,845.97998,704.1106,48231012
2020-02-06,748.96002,699.91998,795.83002,687.0,39721262
2020-02-07,748.07001,730.54999,769.75,730.0,17070771
2020-02-10,771.28003,800.0,819.98999,752.40002,24651598
2020-02-11,774.38,768.78998,783.5061,758.0,11661795
2020-02-12,767.28998,777.87,789.75,763.37,12016042
2020-02-13,804.0,741.84003,818.0,735.0,26218620
2020-02-14,800.03003,787.21997,812.96997,785.5,15656779
2020-02-18,858.40002,841.59998,860.0,832.35999,16668917
2020-02-19,917.41998,923.5,944.78003,901.02002,25338483
2020-02-20,899.40997,911.95001,912.0,859.94,17590776
2020-02-21,901.0,906.97998,913.06,880.45001,14314935
2020-02-24,833.78998,839.0,863.5,822.20001,15129252
2020-02-25,799.90997,849.0,856.59998,787.0,17266202
2020-02-26,778.79999,782.5,813.31,776.10999,14120951
2020-02-27,679.0,730.0,739.77002,669.0,24211114
2020-02-28,667.98999,629.70001,690.52002,611.52002,24469949
2020-03-02,743.62,711.26001,743.69,686.66998,20143254
2020-03-03,745.51001,805.0,806.97998,716.1106,25733963
2020-03-04,749.5,763.96033,766.52002,724.7345,15019950
2020-03-05,724.53998,723.77002,745.75,718.07001,10833518
2020-03-06,703.47998,690.00403,707.0,684.27002,12633439
2020-03-09,608.0,605.39001,662.99799,605.0,17020760
2020-03-10,645.33002,659.42999,668.0,608.0,15535305
2020-03-11,634.22998,640.20001,653.58002,613.0,13356746
2020-03-12,560.54999,580.89001,594.5,546.25,18883822
2020-03-13,546.62,595.0,607.57001,502.0,22595315
2020-03-16,445.07001,469.49969,494.8699,442.17001,20446685
2020-03-17,430.20001,440.01001,471.85001,396.0,23923871
2020-03-18,361.22,389.0,404.85999,350.51001,23718230
2020-03-19,427.64001,374.69699,452.0,358.45999,30136064
2020-03-20,427.53,438.20001,477.0,425.79001,28174267
2020-03-23,434.29001,433.60001,441.99991,410.5,16452706
2020-03-24,505.0,477.29999,513.69,474.0,22837423
2020-03-25,539.25,545.25,557.0,511.10999,21177366
2020-03-26,528.15997,547.39001,560.0,512.25,17394057
2020-03-27,514.35999,505.0,525.79999,494.03,14356042
2020-03-30,502.13,510.26001,516.64709,491.23001,11978923
2020-03-31,524.0,501.25,542.96002,497.0,17731682
2020-04-01,481.56,504.0,513.95477,475.10001,13321367
2020-04-02,454.47,481.03,494.25989,446.39999,19820649
2020-04-03,480.01001,509.5,515.48999,468.39011,22524300
2020-04-06,516.23999,511.20001,521.0,497.95999,14879233
2020-04-07,545.45001,545.0,565.0,532.34003,17889232
2020-04-08,548.84003,554.20001,557.20813,533.33002,12635605
2020-04-09,573.0,562.09003,575.18182,557.10999,13632843
2020-04-13,650.95001,590.15997,652.0,580.53003,22431569
2020-04-14,709.89001,698.96997,741.88,692.42999,30526376
2020-04-15,729.83002,742.0,753.13,710.0,23573333
2020-04-16,745.21002,716.94,759.45001,706.71503,20613321
2020-04-17,753.89001,772.28003,774.95001,747.65997,13090313
2020-04-20,746.35999,732.70001,765.57001,712.21002,14718531
2020-04-21,686.71997,730.12,753.33002,673.78998,20161043
2020-04-22,732.10999,703.97998,734.0,688.71002,14189989
2020-04-23,705.63,727.59998,734.0,703.13,13207098
2020-04-24,725.15002,710.81,730.72998,698.17999,13213852
2020-04-27,798.75,737.60999,799.48999,735.0,20588079
2020-04-28,769.12,795.64001,805.0,756.69,15190060
2020-04-29,800.51001,790.16998,803.19989,783.15997,16166610
2020-04-30,781.88,855.19,869.82001,763.5,28284614
2020-05-01,701.32001,755.0,772.77002,683.03998,32396848
2020-05-04,761.19,701.0,762.0,698.0,19178213
2020-05-05,768.21002,789.78998,798.91998,762.17999,16941246
2020-05-06,782.58002,776.5,789.79999,761.10999,11106028
2020-05-07,780.03998,777.21002,796.40002,772.34998,11508366
2020-05-08,819.41998,793.77002,824.0,787.01001,16127079
2020-05-11,811.28998,790.51001,824.0,785.0,16504847
2020-05-12,809.40997,827.0,843.28998,808.0,15893782
2020-05-13,790.96002,820.83002,826.0,763.29999,19033833
2020-05-14,803.33002,780.0,803.35999,764.0,13658807
2020-05-15,799.16998,790.34998,805.04858,786.552,10505251
2020-05-18,813.63,827.78003,834.72009,803.88,11673377
2020-05-19,808.01001,815.16998,822.07001,806.08002,9623704
2020-05-20,815.56,820.5,826.0,811.79999,7298893
2020-05-21,827.59998,816.0,832.5,796.0,12227696
2020-05-22,816.88,822.17401,831.78003,812.0,9973407
2020-05-26,818.87,834.5,834.59998,815.70502,8077487
2020-05-27,820.22998,820.85999,827.71002,785.0,11528727
2020-05-28,805.81,813.51001,824.75,801.69,7265199
2020-05-29,835.0,808.75,835.0,804.21002,11779766
2020-06-01,898.09998,858.0,899.0,854.09998,15041656
2020-06-02,881.56,894.70001,908.65997,871.0,13518414
2020-06-03,882.96002,888.12,897.94,880.09998,7938005
2020-06-04,864.38,889.88,895.75,858.44,8863518
2020-06-05,885.65997,877.84003,886.52002,866.20001,7774839
2020-06-08,949.91998,919.0,950.0,909.15997,14123490
2020-06-09,940.66998,940.01001,954.43988,923.93103,11350659
2020-06-10,1025.05005,991.88,1027.47998,982.5,18502866
2020-06-11,972.84003,990.20001,1018.9599,972.0,15894166
2020-06-12,935.28003,980.0,987.97998,912.59998,16723871
2020-06-15,990.90002,917.78998,998.84003,908.5,15617797
2020-06-16,982.13,1011.84998,1012.88,962.39001,14023105
2020-06-17,991.78998,987.71002,1005.0,982.57098,9874301
2020-06-18,1003.96002,1003.0,1019.20001,994.47083,9734252
2020-06-19,1000.90002,1012.78003,1015.96991,991.34003,8661989
2020-06-22,994.32001,999.95001,1008.88,990.02002,6353684
2020-06-23,1001.78003,998.88,1012.0,994.01007,6351083
2020-06-24,960.84998,994.10999,1000.88458,953.14142,10911883
2020-06-25,985.97998,954.27002,985.97998,937.15002,9228065
2020-06-26,959.73999,994.78003,995.0,954.87,8831054
2020-06-29,1009.34998,969.01001,1010.0,948.52008,9000317
2020-06-30,1079.81006,1006.5,1087.68994,1003.72998,16859670
2020-07-01,1119.63,1083.0,1135.32996,1080.5,13275241
2020-07-02,1208.66003,1221.47998,1228.0,1185.59998,17197157
2020-07-06,1371.57996,1276.68994,1377.79004,1266.04395,20510903
2020-07-07,1389.85999,1405.01001,1429.5,1336.70996,21408648
2020-07-08,1365.88,1405.0,1417.26001,1311.33997,16246140
2020-07-09,1394.28003,1396.98999,1408.56006,1351.28003,11670701
2020-07-10,1544.65002,1396.0,1548.91504,1376.01013,23251800
2020-07-13,1497.06006,1659.0,1794.98999,1471.11011,38831507
2020-07-14,1516.80005,1556.0,1590.0,1431.0,23371219
2020-07-15,1546.01001,1543.0,1550.0,1457.0,16315865
2020-07-16,1500.64001,1477.16003,1531.70996,1466.0,14252623
2020-07-17,1500.83997,1513.44995,1537.51001,1490.0,9312955
2020-07-20,1643.0,1519.01001,1650.0,1488.0,17054855
2020-07-21,1568.35999,1639.93005,1675.0,1558.0,16133039
2020-07-22,1592.32996,1599.0,1626.42004,1562.0,14144184
2020-07-23,1513.06995,1678.94995,1689.0,1480.77002,24367202
2020-07-24,1417.0,1416.01001,1465.0,1366.54004,19342395
2020-07-27,1539.59998,1435.0,1547.93994,1413.00024,15988678
2020-07-28,1476.48999,1504.0,1564.69995,1474.42004,15776590
2020-07-29,1499.10999,1501.0,1534.81006,1487.0,9401934
2020-07-30,1487.48999,1488.0,1513.23999,1471.0,7601903
2020-07-31,1430.76001,1515.0,1517.05005,1420.97998,12218466
2020-08-03,1485.0,1449.19995,1509.81006,1444.3844,8783398
2020-08-04,1487.0,1495.01001,1527.41003,1462.0,8389296
2020-08-05,1485.02002,1492.98999,1499.83838,1468.31006,4967584
2020-08-06,1489.57996,1490.82996,1517.31006,1477.26001,5961375
2020-08-07,1452.70996,1499.53699,1499.75,1415.01001,8872984
2020-08-10,1418.56995,1448.0,1457.5,1385.83997,7512738
2020-08-11,1374.39001,1396.0,1420.0,1365.0,8607394
2020-08-12,1554.76001,1470.0,1585.0,1435.0,21828364
2020-08-13,1621.0,1611.0,1651.18005,1567.26001,20387865
2020-08-14,1650.70996,1664.98999,1668.80005,1626.64001,12562182
2020-08-17,1835.64001,1677.0,1845.85999,1672.82996,20145252
2020-08-18,1887.08997,1898.98999,1923.90002,1845.10999,16436978
2020-08-19,1878.53003,1865.0,1911.0,1841.20996,12178422
2020-08-20,2001.82996,1860.68005,2021.98999,1857.06006,20557219
2020-08-21,2049.97998,2044.76001,2095.48999,2025.05005,21415137
2020-08-24,2014.19995,2126.2749,2129.0,1927.52002,19982162
2020-08-25,2023.33997,1974.89001,2027.94995,1968.0,10628719
2020-08-26,2153.16992,2060.0,2166.0,2053.62915,14184847
2020-08-27,2238.75,2180.45996,2295.6001,2142.5,23593610
2020-08-28,2213.3999,2295.12012,2318.48999,2186.52002,20038951
2020-08-31,498.32001,444.60999,500.14001,440.10999,118162555
2020-09-01,475.04999,502.14001,502.48999,470.51001,89635564
2020-09-02,447.37,478.98999,479.04001,405.12061,95994895
2020-09-03,407.0,407.23001,431.79999,402.0,87400772
2020-09-04,418.32001,402.81,428.0,372.02011,110008611
2020-09-08,330.20999,356.0,368.73999,329.88,115388993
2020-09-09,366.28,356.60001,369.0,341.51001,79251067
2020-09-10,371.34,386.20999,398.98999,360.56,84643215
2020-09-11,372.72,381.94,382.5,360.5,60497681
2020-09-14,419.62,380.95001,420.0,373.29999,82819345
2020-09-15,449.76001,436.56,461.94,430.70001,97061530
2020-09-16,441.76001,439.87,457.79001,435.31,72257406
2020-09-17,423.42999,415.60001,437.79001,408.00009,76531023
2020-09-18,442.14999,447.94,451.0,428.79999,86232236
2020-09-21,449.39001,453.13,455.67999,407.07001,109322871
2020-09-22,424.23001,429.60001,437.76001,417.6001,79505713
2020-09-23,380.35999,405.16,412.14999,375.8801,95163352
2020-09-24,387.79001,363.79999,399.5,351.29999,96354838
2020-09-25,407.34,393.47,408.7323,391.29999,67112771
2020-09-28,421.20001,424.62,428.07999,415.54999,49650747
2020-09-29,419.07001,416.0,428.5,411.60001,50269232
2020-09-30,429.01001,421.32001,433.92999,420.47,48093567
2020-10-01,448.16,440.76001,448.88,434.42001,50704582
2020-10-02,415.09,421.39001,439.13,415.0,71316583
2020-10-05,425.67999,423.35001,433.64001,419.32999,44671189
2020-10-06,413.98001,423.79001,428.77991,406.04999,49066890
2020-10-07,425.29999,419.87,429.89999,413.845,43065740
2020-10-08,425.92001,438.44,439.0,425.29999,40367982
2020-10-09,434.0,430.13,434.5899,426.46011,29147928
2020-10-12,442.29999,442.0,448.73999,438.57999,38729540
2020-10-13,446.64999,443.35001,448.89001,436.60001,34493626
2020-10-14,461.29999,449.78,465.89999,447.35001,47985742
2020-10-15,448.88,450.31,456.57001,442.5,35627593
2020-10-16,439.67001,454.44,455.94989,438.85001,32718354
2020-10-19,430.82999,446.23999,447.0,428.87,36229039
2020-10-20,421.94,431.75,431.75,419.05011,31630411
2020-10-21,422.64001,422.70001,432.95001,421.25,32355729
2020-10-22,425.79001,441.92001,445.23001,424.51001,39880101
2020-10-23,420.63,421.84,422.88589,407.3801,33680860
2020-10-26,420.28,411.63,425.76001,410.0,28208054
2020-10-27,424.67999,423.76001,430.5,420.10001,22646668
2020-10-28,406.01999,416.48001,418.60001,406.0,25411314
2020-10-29,410.82999,409.95999,418.06,406.45999,22626811
2020-10-30,388.04001,406.89539,407.59149,379.10999,42496253
2020-11-02,400.51001,394.0,406.97989,392.29999,28955922
2020-11-03,423.89999,409.73001,427.76999,406.69,34288743
2020-11-04,420.98001,430.62,435.39999,417.10001,32074931
2020-11-05,438.09,428.29999,440.0,424.00009,28356439
2020-11-06,429.95001,436.10001,436.57001,424.28,21678176
2020-11-09,421.26001,439.5,452.5,421.0,34714333
2020-11-10,410.35999,420.09,420.09,396.03009,30243227
2020-11-11,417.13,416.45001,418.69501,410.57999,17342191
2020-11-12,411.76001,415.04999,423.0,409.51999,19929780
2020-11-13,408.5,410.85001,412.53189,401.66,19783651
2020-11-16,408.09,408.92999,412.45001,404.08679,27057271
2020-11-17,441.60999,460.17001,462.0,433.01001,60954449
2020-11-18,486.64001,448.35001,496.0,443.50009,77859674
2020-11-19,499.26999,492.0,508.61121,487.57001,62268374
2020-11-20,489.60999,497.98999,502.5,489.06,32848021
2020-11-23,521.84998,503.5,526.0,501.79001,50179425
2020-11-24,555.38,540.40002,559.98999,526.20001,53548761
2020-11-25,574.0,550.06,574.0,545.37,48880675
2020-11-27,585.76001,581.15997,598.78003,578.45001,37371675
2020-11-30,567.59998,602.21002,607.79999,554.51001,62814338
2020-12-01,584.76001,597.59003,597.84998,572.04999,40297471
2020-12-02,568.82001,556.44,571.53998,541.21002,47704658
2020-12-03,593.38,590.02002,598.96997,582.42999,42491073
2020-12-04,599.03998,591.01001,599.03998,585.5,29363619
2020-12-07,641.76001,604.91968,648.78558,603.04999,56181268
2020-12-08,649.88,625.505,651.28003,618.5,63945819
2020-12-09,604.47998,653.69,654.32001,588.0,71155257
2020-12-10,627.07001,574.37,627.75,566.34003,66930698
2020-12-11,609.98999,615.01001,624.0,596.79999,46800665
2020-12-14,639.83002,619.0,642.74988,610.20007,51908816
2020-12-15,633.25,643.28003,646.90002,623.79999,45101693
2020-12-16,622.77002,628.22998,632.5,605.0,42031553
2020-12-17,655.90002,628.19,658.82001,619.5,56149948
2020-12-18,695.0,668.90002,695.0,628.53998,223285389
2020-12-21,649.85999,666.23999,668.5,646.07001,57883583
2020-12-22,640.34003,648.0,649.88,614.22998,51756764
2020-12-23,645.97998,632.20001,651.49988,622.57013,33059469
2020-12-24,661.77002,642.98999,666.09003,641.0,22813214
2020-12-28,663.69,674.51001,681.40002,660.79999,32232732
2020-12-29,665.98999,661.0,669.90002,655.0,22867542
2020-12-30,694.78003,672.0,696.59998,668.36029,42766263
2020-12-31,705.66998,699.98999,718.71997,691.12,49544141
2021-01-04,729.77002,719.46002,744.48993,717.18951,48550251
2021-01-05,735.10999,723.65997,740.84003,719.20001,32104628
2021-01-06,755.97998,758.48999,774.0,749.09998,44403747
2021-01-07,816.03998,777.63,816.98999,775.20001,51368871
2021-01-08,880.02002,856.0,884.48999,838.39001,74913552
2021-01-11,811.19,849.40002,854.42999,803.62219,59408889
2021-01-12,849.44,831.0,868.0,827.34003,46106839
2021-01-13,854.40997,852.76001,860.46997,832.0,33221474
2021-01-14,845.0,843.39001,863.0,838.75,31212520
2021-01-15,826.15997,852.0,859.90002,819.09998,38668597
2021-01-19,844.54999,837.79999,850.0,833.0,25296562
2021-01-20,850.45001,858.73999,859.5,837.28003,25575516
2021-01-21,844.98999,855.0,855.71991,841.4201,20556043
2021-01-22,846.64001,834.31,848.0,828.62,19954537
2021-01-25,880.79999,855.0,900.40002,838.82013,41045594
2021-01-26,883.09003,891.38,895.90002,871.59998,23061876
2021-01-27,864.15997,870.34998,891.5,858.65997,27217910
2021-01-28,835.42999,820.0,848.0,801.0,26309015
2021-01-29,793.53003,830.0,842.40997,780.09998,34883307
2021-02-01,839.81,814.28998,842.0,795.56012,25275956
2021-02-02,872.78998,844.67999,880.5,842.20062,24267558
2021-02-03,854.69,877.02002,878.08002,853.06458,18306517
2021-02-04,849.98999,855.0,856.5,833.41998,15761692
2021-02-05,852.22998,845.0,864.77002,838.96997,18522822
2021-02-08,863.41998,869.66998,877.77002,854.75,20132402
2021-02-09,849.46002,855.12,859.79999,841.75,15135737
2021-02-10,804.82001,843.63501,844.82001,800.02002,36132880
2021-02-11,811.65997,812.44,829.87988,801.72498,21590303
2021-02-12,816.12,801.26001,817.33002,785.33063,23699167
2021-02-16,796.21997,818.0,821.0,792.44,19746585
2021-02-17,798.15002,779.09003,799.84003,762.01001,26001410
2021-02-18,787.38,780.90002,794.69,776.27002,18198537
2021-02-19,781.29999,795.0,796.78992,777.37,18913271
2021-02-22,714.5,762.64001,768.5,710.20001,37182312
2021-02-23,698.84003,662.13,713.60992,619.0,66731850
2021-02-24,742.02002,711.84998,745.0,694.16998,36690581
2021-02-25,682.21997,726.15002,737.2066,670.58002,38944934
2021-02-26,675.5,700.0,706.70001,659.51001,40989068
2021-03-01,718.42999,690.10999,872.0,685.04999,27070056
2021-03-02,686.44,718.28003,721.10999,685.0,23699073
2021-03-03,653.20001,687.98999,700.70001,651.70502,30139543
2021-03-04,621.44,655.79999,873.94,600.0,65833694
2021-03-05,597.95001,626.06,627.84192,539.48999,89196849
2021-03-08,563.0,600.54999,620.125,558.78998,51690394
2021-03-09,673.58002,608.17999,678.09003,595.21002,67345141
2021-03-10,668.06,700.29999,717.84998,655.06,60385092
2021-03-11,699.59998,699.40002,702.5,677.17999,36172307
2021-03-12,693.72998,670.0,694.88,666.1394,33519005
2021-03-15,707.94,694.09003,713.17999,684.03998,29369385
2021-03-16,676.88,703.34998,707.91998,671.0,32088718
2021-03-17,701.81,656.87,703.72998,651.01001,40253337
2021-03-18,653.15997,684.28998,689.22998,652.0,33300560
2021-03-19,654.87,646.59998,657.22998,624.62012,42758528
2021-03-22,670.0,684.59003,699.62,668.75,39426867
2021-03-23,662.15997,675.77002,677.79999,657.51001,30422732
2021-03-24,630.27002,667.90997,668.02002,630.10999,33717510
2021-03-25,640.39001,613.0,645.5,609.5,39173906
2021-03-26,618.71002,641.87,643.82001,599.89001,33755193
2021-03-29,611.28998,615.64001,616.47998,596.02002,28592602
2021-03-30,635.62,601.75,637.65997,591.01001,39372280
2021-03-31,667.92999,646.62,672.0,641.10999,33269796
2021-04-01,661.75,688.37,692.42029,659.41998,35258118
2021-04-05,691.04999,707.71002,708.15997,684.70001,41774395
2021-04-06,691.62,690.29999,696.54999,681.37,28238794
2021-04-07,670.96997,687.0,691.38,667.84003,26261932
2021-04-08,683.79999,677.38,689.54993,671.64502,23895780
2021-04-09,677.02002,677.77002,680.96997,669.42999,21408110
2021-04-12,701.97998,685.70001,704.79999,682.09003,29085879
2021-04-13,762.32001,712.70001,763.0,710.65997,44598101
2021-04-14,732.22998,770.70001,780.78998,728.03003,48933590
2021-04-15,738.84998,743.09998,743.69,721.31,27798914
2021-04-16,739.78003,728.65002,749.40997,724.59998,27990635
2021-04-19,714.63,719.59998,725.40002,691.80011,39636915
2021-04-20,718.98999,717.41998,737.25,710.685,35567477
2021-04-21,744.12,704.77002,744.84003,698.0,31145411
2021-04-22,719.69,741.5,753.77002,718.03998,35503423
2021-04-23,729.40002,719.79999,737.35999,715.46002,28323414
2021-04-26,738.20001,741.0,749.29999,732.60529,30994492
2021-04-27,704.73999,717.96002,724.0,703.3501,29364528
2021-04-28,694.40002,696.40997,708.5,693.59998,22212713
2021-04-29,677.0,699.51001,702.25,668.50018,28788594
2021-04-30,709.44,667.59003,715.46997,666.14001,40661016
2021-05-03,684.90002,703.79999,706.0,680.5,26991317
2021-05-04,673.59998,678.94,683.44641,657.70099,29673044
2021-05-05,670.94,681.06,685.29547,667.34003,21871395
2021-05-06,663.53998,680.76001,681.02002,650.0,27741003
2021-05-07,672.37,665.79999,690.0,660.21997,23440244
2021-05-10,629.03998,664.90002,665.04999,627.61011,31322967
2021-05-11,617.20001,599.23999,627.09991,595.59998,46430411
2021-05-12,589.89001,602.48999,620.40997,586.76501,33740654
2021-05-13,571.69,601.54498,606.4599,559.65002,44099996
2021-05-14,589.73999,583.40997,592.87,570.46002,33322067
2021-05-17,576.83002,575.55298,589.72998,561.20001,32315432
2021-05-18,577.87,568.0,596.25,563.38,36761894
2021-05-19,563.46002,552.54999,566.21002,546.97998,39491964
2021-05-20,586.78003,575.0,588.84998,571.07001,30765744
2021-05-21,580.88,596.10999,596.67999,580.0,26193675
2021-05-24,606.44,581.59998,614.47998,573.65002,34439259
2021-05-25,604.69,607.31,613.98999,595.71002,27956024
2021-05-26,619.13,607.56,626.16998,601.5,28587229
2021-05-27,630.84998,620.23999,631.13,616.21002,26305010
2021-05-28,625.21997,628.5,635.59003,622.38,22696989
2021-06-01,623.90002,627.79999,633.79999,620.54999,18037129
2021-06-02,605.12,620.13,623.35999,599.14001,23235454
2021-06-03,572.84003,601.79999,604.54999,571.21997,30021315
2021-06-04,599.04999,579.71002,600.60999,577.20001,24037560
2021-06-07,605.13,591.82501,610.0,582.88,22503204
2021-06-08,603.59003,623.01001,623.09003,595.5,26032862
2021-06-09,598.78003,602.16998,611.78998,597.63013,16558208
2021-06-10,610.12,603.88,616.59003,600.5,23888671
2021-06-11,609.89001,610.22998,612.56,601.52002,16130055
2021-06-14,617.69,612.22998,625.48999,609.17999,20390209
2021-06-15,599.35999,616.69,616.78998,598.22998,17733534
2021-06-16,604.87,597.53497,608.5,593.5,22009648
2021-06-17,616.59998,601.888,621.46997,601.34003,22668378
2021-06-18,623.31,613.37,628.34998,611.79999,24563987
2021-06-21,620.83002,624.47998,631.39001,608.88,24752700
2021-06-22,623.71002,618.25,628.56927,615.5,19126543
2021-06-23,656.57001,632.0,657.20398,630.03998,31028772
2021-06-24,679.82001,674.98999,697.62,667.60999,45894955
2021-06-25,671.87,689.58002,693.81,668.70001,32355000
2021-06-28,688.71997,671.64001,694.69989,670.32001,21595307
2021-06-29,680.76001,684.65002,687.50989,675.89001,17291582
2021-06-30,679.70001,679.77002,692.81,678.14001,18826276
2021-07-01,677.91998,683.91998,687.98999,672.79999,18601290
2021-07-02,678.90002,678.97998,700.0,673.26001,27056651
2021-07-06,659.58002,681.71149,684.0,651.40021,23216879
2021-07-07,644.65002,664.27002,665.70001,638.32001,18751873
2021-07-08,652.81,628.37,654.42999,620.46002,22732135
2021-07-09,656.95001,653.185,658.90997,644.69,18105605
2021-07-12,685.70001,662.20001,687.23999,662.16101,25882376
2021-07-13,668.53998,686.32001,693.28003,666.29578,20928277
2021-07-14,653.38,670.75,678.60992,652.84003,21594507
2021-07-15,650.59998,658.39001,666.14001,637.88,20177716
2021-07-16,644.21997,654.67999,656.69989,642.20001,16396778
2021-07-19,646.21997,629.89001,647.19989,621.28998,21238525
2021-07-20,660.5,651.98999,662.3916,640.50098,15461284
2021-07-21,655.28998,659.60999,664.85992,650.2901,13938729
2021-07-22,649.26001,656.44281,662.16998,644.6001,15066565
2021-07-23,643.38,646.35999,648.79999,637.30011,14581736
2021-07-26,657.62,650.96997,668.19989,647.10999,25171775
2021-07-27,644.78003,663.40002,666.5,627.23999,32552730
2021-07-28,646.97998,646.995,654.96991,639.40009,15904731
2021-07-29,677.34998,649.78998,683.69,648.79999,30346956
2021-07-30,687.20001,671.758,697.53003,669.0,29571939
2021-08-02,709.66998,700.0,726.94,698.40002,33571436
2021-08-03,709.73999,719.0,722.65002,701.01001,21584492
2021-08-04,710.91998,711.0,724.90002,708.92999,16984156
2021-08-05,714.63,716.0,720.94989,711.40997,12898481
2021-08-06,699.09998,711.90002,716.33002,697.63,15603622
2021-08-09,713.76001,710.16998,719.03003,705.13,14693511
2021-08-10,709.98999,713.98999,716.59003,701.88,13398412
2021-08-11,707.82001,712.71002,715.17999,704.21002,9780089
2021-08-12,722.25,706.34003,722.79999,699.40002,17662215
2021-08-13,717.16998,723.71002,729.90002,714.34003,16696900
2021-08-16,686.16998,705.07001,709.5,676.40002,23043993
2021-08-17,665.71002,672.65997,674.58002,648.84003,23676077
2021-08-18,688.98999,669.74799,695.77002,669.34998,20233666
2021-08-19,673.46997,678.21002,686.54999,667.59003,14247025
2021-08-20,680.26001,682.84998,692.12988,673.70001,14936588
2021-08-23,706.29999,685.44202,712.12988,680.75049,20240922
2021-08-24,708.48999,710.67999,715.21997,702.64001,13061908
2021-08-25,711.20001,707.03003,716.96997,704.0,12627810
2021-08-26,701.15997,708.31,715.40002,697.62012,13164446
2021-08-27,711.91998,705.0,715.0,702.1001,13806115
2021-08-30,730.90997,714.71503,731.0,712.72998,18506755
2021-08-31,735.71997,733.0,740.39001,726.44,20796958
2021-09-01,734.09003,734.08002,741.98999,731.27008,13156313
2021-09-02,732.39001,734.5,740.96997,730.53998,12738032
2021-09-03,733.57001,732.24902,734.0,724.20001,15242064
2021-09-07,752.91998,740.0,760.20001,739.26001,19995750
2021-09-08,753.87,761.58002,764.45001,740.77332,18762952
2021-09-09,754.85999,753.40997,762.09998,751.63013,13996904
2021-09-10,736.27002,759.59998,762.60999,734.52008,15064773
2021-09-13,743.0,740.21399,744.78003,708.84998,22802480
2021-09-14,744.48999,742.57001,754.46997,736.40002,18529514
2021-09-15,755.83002,745.0,756.85999,738.35999,15325965
2021-09-16,756.98999,752.83002,758.90997,747.60999,13896943
2021-09-17,759.48999,757.15002,761.03998,750.0,28082267
2021-09-20,730.16998,734.55768,742.0,718.62488,24696762
2021-09-21,739.38,734.78998,744.73993,730.44,16251228
2021-09-22,751.94,743.52631,753.66992,739.12,15102245
2021-09-23,753.64001,755.0,758.20001,747.91998,11924707
2021-09-24,774.39001,745.89001,774.79999,744.56,21422767
2021-09-27,791.35999,773.12,799.0,769.31,28003090
2021-09-28,777.56,787.20001,795.64001,766.18011,25189321
2021-09-29,781.31,779.79999,793.5,770.67999,20819068
2021-09-30,775.47998,781.0,789.13049,775.0,17919639
2021-10-01,775.21997,778.40002,780.78003,763.59003,17004185
2021-10-04,781.53003,796.5,806.96991,776.12,30427659
2021-10-05,780.59003,784.79602,797.31,774.20001,18324851
2021-10-06,782.75,776.20001,786.65997,773.21997,14560755
2021-10-07,793.60999,785.46002,805.0,783.38,19158425
2021-10-08,785.48999,796.21002,796.38,780.90997,16727815
2021-10-11,791.94,787.65002,801.23999,785.5,14156548
2021-10-12,805.71997,800.92999,812.32001,796.57001,21931851
2021-10-13,811.08002,810.46997,815.40997,805.78003,14038851
2021-10-14,818.32001,815.48999,820.25,813.3501,12205949
2021-10-15,843.03003,823.73798,843.21002,822.34998,18844002
2021-10-18,870.10999,851.78998,875.26001,851.46997,24088788
2021-10-19,864.27002,877.53003,877.95001,862.51001,17297915
2021-10-20,865.79999,865.34998,869.48999,857.38,13959275
2021-10-21,894.0,856.0,900.0,855.50458,31308185
2021-10-22,909.67999,895.5,910.0,890.96002,22786065
2021-10-25,1024.85999,950.53003,1045.02002,944.20001,62395278
2021-10-26,1018.42999,1024.68994,1094.93994,1001.44,61963483
2021-10-27,1037.85999,1039.66003,1070.88,1030.78003,38348785
2021-10-28,1077.04004,1068.30505,1081.0,1054.19995,27074169
2021-10-29,1114.0,1081.85999,1115.20996,1073.20496,29792658
2021-11-01,1208.58997,1145.0,1209.75,1118.66003,55686570
2021-11-02,1172.0,1159.35498,1208.58997,1146.0,42474747
2021-11-03,1213.85999,1177.32996,1215.39001,1152.62,34529617
2021-11-04,1229.91003,1234.41003,1243.48999,1217.0,25276577
2021-11-05,1222.08997,1228.0,1239.87,1208.0,21435241
2021-11-08,1162.93994,1149.78503,1197.0,1133.0,33273182
2021-11-09,1023.5,1173.59998,1174.5,1011.52002,59010693
2021-11-10,1067.94995,1010.40997,1078.09998,987.31,42528584
2021-11-11,1063.51001,1102.77002,1104.96997,1054.68005,22361515
2021-11-12,1033.42004,1047.5,1054.5,1019.20001,25441855
2021-11-15,1013.39001,1017.63,1031.97998,978.59998,34581276
2021-11-16,1054.72998,1003.31,1057.19995,1002.17999,26409657
2021-11-17,1089.01001,1063.51001,1119.64001,1055.5,31275653
2021-11-18,1096.38,1106.55005,1112.0,1075.02002,20773670
2021-11-19,1137.06006,1098.87,1138.71985,1092.69995,21516067
2021-11-22,1156.87,1162.32996,1201.94995,1132.43005,32863896
2021-11-23,1109.03003,1167.51001,1180.49988,1062.69995,35924427
2021-11-24,1116.0,1080.39001,1132.77002,1062.0,22455076
2021-11-26,1081.92004,1099.46997,1108.78271,1081.0,11650423
2021-11-29,1136.98999,1100.98999,1142.67004,1100.18994,19330059
2021-11-30,1144.76001,1144.37,1168.0,1118.0,26920916
2021-12-01,1095.0,1160.69495,1172.83984,1090.76001,22749946
2021-12-02,1084.59998,1099.06006,1113.0,1056.65002,24213942
2021-12-03,1014.96997,1084.79004,1090.57532,1000.21002,30606475
2021-12-06,1009.01001,1001.51001,1021.64001,950.5,27060127
2021-12-07,1051.75,1044.19995,1057.67395,1026.81006,18586270
2021-12-08,1068.95996,1052.70996,1072.38,1033.00012,13897240
2021-12-09,1003.79999,1060.64001,1062.48999,1002.35999,19686430
2021-12-10,1017.03003,1008.75,1020.97968,982.53003,19776122
2021-12-13,966.40997,1001.09003,1005.0,951.41998,25967710
2021-12-14,958.51001,945.0,966.40997,930.0,23456302
2021-12-15,975.98999,953.21002,978.74988,928.25012,24861424
2021-12-16,926.91998,994.5,994.97998,921.84998,27393100
2021-12-17,932.57001,914.77002,960.65991,909.0401,33567683
2021-12-20,899.94,910.70001,921.68842,893.39001,18670531
2021-12-21,938.53003,916.87,939.5,886.12,23690872
2021-12-22,1008.87,965.65997,1015.65991,957.04999,31046563
2021-12-23,1067.0,1006.79999,1072.97668,997.56,30735097
2021-12-27,1093.93994,1073.67004,1117.0,1070.71521,23695249
2021-12-28,1088.46997,1109.48999,1118.99988,1078.42004,20025526
2021-12-29,1086.18994,1098.64001,1104.0,1064.14001,18699667
2021-12-30,1070.33997,1061.32996,1095.55005,1053.15002,15595484
2021-12-31,1056.78003,1073.44446,1081.99988,1054.58997,13530074
2022-01-03,1199.78003,1147.75,1201.06995,1136.04004,34704012
2022-01-04,1149.58997,1189.55005,1208.0,1123.05005,33232066
2022-01-05,1088.12,1146.65002,1170.33997,1081.01013,26527233
2022-01-06,1064.69995,1077.0,1088.0,1020.5,30094321
2022-01-07,1026.95996,1080.37,1080.92993,1010.0,27919584
2022-01-10,1058.12,1000.0,1059.09998,980.0,30455813
2022-01-11,1064.40002,1053.67004,1075.84998,1038.81995,21942784
2022-01-12,1106.21997,1078.84998,1114.83997,1072.59009,27790685
2022-01-13,1031.56006,1109.06494,1115.59998,1026.53906,32269410
2022-01-14,1049.60999,1019.88,1052.0,1013.37878,24231357
2022-01-18,1030.51001,1026.60498,1070.78992,1016.06,22217970
2022-01-19,995.65002,1041.70496,1054.66992,995.0,25014677
2022-01-20,996.27002,1009.72998,1041.66003,994.0,23301757
2022-01-21,943.90002,996.34003,1004.54999,940.5,34237917
2022-01-24,930.0,904.76001,933.51312,851.46997,50413641
2022-01-25,918.40002,914.20001,951.26001,903.21002,28800832
2022-01-26,937.40997,952.42999,987.69,906.0,34889649
2022-01-27,829.09998,933.35999,935.39001,829.0,48769207
2022-01-28,846.34998,831.56,857.5,792.01001,44755342
2022-01-31,936.71997,872.71002,937.98999,862.04999,34595868
2022-02-01,931.25,935.21002,943.70001,905.0,24260289
2022-02-02,905.65997,928.17999,931.5,889.40997,22171850
2022-02-03,891.14001,882.0,937.0,880.52002,26146554
2022-02-04,923.32001,897.21997,936.5,881.16998,24482314
2022-02-07,907.34003,923.78998,947.77002,902.70892,20238671
2022-02-08,922.0,905.53003,926.28992,894.79999,16835331
2022-02-09,932.0,935.0,946.2699,920.0,17357744
2022-02-10,904.54999,908.37,943.81,896.70001,21918309
2022-02-11,860.0,909.63,915.96002,850.70001,26373287
2022-02-14,875.76001,861.57001,898.87988,853.15002,22535630
2022-02-15,922.42999,900.0,923.0,893.37738,19174762
2022-02-16,923.39001,914.04999,926.42987,901.21002,17013359
2022-02-17,876.34998,913.26001,918.49988,874.09998,18314681
2022-02-18,856.97998,886.0,886.87,837.60999,22686572
2022-02-22,821.53003,834.13,856.73383,801.1001,28106488
2022-02-23,764.03998,830.42999,835.29968,760.56,31688708
2022-02-24,800.77002,700.39001,802.47998,700.0,44923756
2022-02-25,809.87,809.22998,819.5,782.40051,25324038
2022-02-28,870.42999,815.01001,876.85999,814.70752,31401736
2022-03-01,864.37,869.67999,889.88,853.78003,24655369
2022-03-02,879.89001,872.13,886.47998,844.27209,24811589
2022-03-03,839.28998,878.77002,886.43903,832.6001,20508718
2022-03-04,838.28998,849.09998,855.65002,825.16089,22280515
2022-03-07,804.58002,856.29999,866.14001,804.57001,24044287
2022-03-08,824.40002,795.53003,849.98999,782.16998,26739873
2022-03-09,858.96997,839.47998,860.56,832.01001,19692275
2022-03-10,838.29999,851.45001,854.45001,810.36011,19439299
2022-03-11,795.34998,840.19702,843.802,793.77002,22268793
2022-03-14,766.37,780.60999,800.70001,756.03998,23538943
2022-03-15,801.89001,775.27002,805.57001,756.57001,22196323
2022-03-16,840.22998,809.0,842.0,802.26007,27957264
2022-03-17,871.59998,830.98999,875.0,825.71777,22066680
2022-03-18,905.39001,874.48999,907.84998,867.39001,33528430
2022-03-21,921.15997,914.97998,942.84998,907.09003,27190018
2022-03-22,993.97998,930.0,997.85999,921.75,35082440
2022-03-23,999.10999,979.94,1040.69995,976.40002,40029833
2022-03-24,1013.91998,1009.72998,1024.48999,988.79999,22945041
2022-03-25,1010.64001,1008.0,1021.79993,997.32013,20653253
2022-03-28,1091.83997,1065.09998,1097.87988,1053.59998,34033873
2022-03-29,1099.56995,1107.98999,1114.77002,1073.10999,24443450
2022-03-30,1093.98999,1091.17004,1113.94995,1084.0,19910751
2022-03-31,1077.59998,1094.56995,1103.13989,1076.64099,16244412
2022-04-01,1084.58997,1081.15002,1094.75,1066.64001,17986911
2022-04-04,1145.44995,1089.38,1149.91003,1072.53003,27275542
2022-04-05,1091.26001,1136.30005,1152.87,1087.30005,26632280
2022-04-06,1045.76001,1073.46997,1079.0,1027.69995,29616452
2022-04-07,1057.26001,1052.39001,1076.58997,1021.5401,26442039
2022-04-08,1025.48999,1043.20996,1048.43994,1022.435,18303029
2022-04-11,975.92999,980.40002,1008.46808,974.64001,19698862
2022-04-12,986.95001,997.64001,1021.19208,976.6001,21871357
2022-04-13,1022.37,981.07501,1026.23999,973.09698,18315090
2022-04-14,985.0,999.28998,1012.7099,982.19,19400543
2022-04-18,1004.28998,989.03003,1014.91998,973.40997,17183467
2022-04-19,1028.15002,1005.06,1034.93994,995.32501,16558682
2022-04-20,977.20001,1030.0,1034.0,975.25012,23465073
2022-04-21,1008.78003,1074.72998,1092.21997,996.41498,34985364
2022-04-22,1005.04999,1014.90997,1034.84998,994.00012,23158275
2022-04-25,998.02002,978.96997,1008.62,975.29999,22735926
2022-04-26,876.41998,995.42999,1000.0,875.0,45041206
2022-04-27,881.51001,898.58002,918.0,877.35999,25482898
2022-04-28,877.51001,899.97998,900.0,821.70001,41231346
2022-04-29,870.76001,902.25,934.3999,870.0,29229864
2022-05-02,902.94,860.77002,906.35992,848.03003,25099865
2022-05-03,909.25,903.17999,924.08002,888.59003,21209382
2022-05-04,952.62,903.94,955.5,885.28003,27067635
2022-05-05,873.28003,939.21002,945.59998,857.70001,30618154
2022-05-06,865.65002,887.0,888.0,843.10498,24244581
2022-05-09,787.10999,836.45001,845.63,781.15002,30179202
2022-05-10,800.03998,819.31,825.35999,774.25,28082565
2022-05-11,734.0,795.0,809.77002,727.20001,32355425
2022-05-12,728.0,701.0,759.65997,680.0,46563343
2022-05-13,769.59003,773.47998,787.34991,751.565,30573888
2022-05-16,724.37,767.15997,769.76001,719.0885,28635176
2022-05-17,761.60999,747.35999,764.47998,728.84998,26586721
2022-05-18,709.81,744.52002,760.5,700.81,29152882
2022-05-19,709.41998,707.0,734.0,694.10999,30056191
2022-05-20,663.90002,713.98999,721.58197,633.0,48069511
2022-05-23,674.90002,655.02002,679.95508,638.06,29695271
2022-05-24,628.15997,653.53003,653.91998,620.57001,29643214
2022-05-25,658.79999,623.84998,669.32001,623.01007,30560011
2022-05-26,707.72998,661.41998,718.66992,653.65997,35183217
2022-05-27,759.63,723.25,759.79999,720.53113,29713282
2022-05-31,758.26001,773.84003,778.79999,734.22998,33794641
2022-06-01,740.37,755.15997,771.97998,730.91998,25602119
2022-06-02,775.0,732.46997,792.63,726.20001,31108332
2022-06-03,703.54999,729.67499,743.38989,700.25342,37402105
2022-06-06,714.84003,733.06,734.59998,703.04999,27999619
2022-06-07,716.65997,702.0,719.98999,690.28003,24122883
2022-06-08,725.59998,720.26001,749.89001,717.53003,25306107
2022-06-09,719.12,748.02002,766.63989,717.97998,32032728
2022-06-10,696.69,705.46997,718.5,683.73999,32549500
2022-06-13,647.21002,669.5,679.90002,644.04999,34190229
2022-06-14,662.66998,654.85999,678.98999,635.21002,32517353
2022-06-15,699.0,662.75,706.98993,654.45001,39453298
2022-06-16,639.29999,668.21002,675.5,626.08002,35943115
2022-06-17,650.28003,640.29999,662.9082,639.59003,30776087
2022-06-21,711.10999,673.81,730.73212,673.0,40712111
2022-06-22,708.26001,703.51001,740.5,701.47998,33678382
2022-06-23,705.21002,713.71503,717.95001,685.90997,34762617
2022-06-24,737.12,712.40503,738.20001,708.26001,31784681
2022-06-27,734.76001,748.09998,756.21002,727.69659,29594364
2022-06-28,697.98999,733.45001,749.90997,697.03003,30073839
2022-06-29,685.46997,691.5,693.52002,666.82001,27513141
2022-06-30,673.41998,673.53003,688.37,656.59003,31340783
2022-07-01,681.78998,681.0,690.69,666.36011,24786526
2022-07-05,699.20001,669.0,699.44,648.50012,28118716
2022-07-06,695.20001,692.34003,703.69,681.56,23913177
2022-07-07,733.63,701.76001,736.08502,696.63,27200043
2022-07-08,752.28998,727.0,764.93988,723.48431,33815426
2022-07-11,703.03003,756.31,759.19,700.88,33117812
2022-07-12,699.21002,710.53998,719.32001,685.10498,29256458
2022-07-13,711.12,676.5,726.17987,675.09998,32503691
2022-07-14,714.94,704.69,715.96002,688.0,26146676
2022-07-15,720.20001,720.0,730.86987,710.66998,23443219
2022-07-18,721.64001,734.81,751.54999,718.81,27507626
2022-07-19,736.59003,735.0,741.41998,710.92999,26819397
2022-07-20,742.5,740.34998,751.98999,730.44897,29553519
2022-07-21,815.12,765.32001,819.79999,764.59998,47129785
2022-07-22,816.72998,828.65997,842.35999,812.14001,34326991
2022-07-25,805.29999,816.65002,822.44,802.20001,21252877
2022-07-26,776.58002,799.53998,801.92987,768.78998,22200505
2022-07-27,824.46002,791.42999,827.77679,785.37012,29213540
2022-07-28,842.70001,840.20001,849.90002,818.40002,28120551
2022-07-29,891.45001,842.09998,894.96002,837.29999,31642255
2022-08-01,891.83002,903.82501,935.6347,885.0,38735780
2022-08-02,901.76001,882.01001,923.5,878.0,31796915
2022-08-03,922.19,915.0,928.65002,903.45001,26572373
2022-08-04,925.90002,933.0,940.82001,915.0,23903210
2022-08-05,864.51001,908.01001,913.81989,856.63397,37540871
2022-08-08,871.27002,885.0,915.59998,867.25623,32969238
2022-08-09,850.0,870.88,877.19,838.06,28651788
2022-08-10,883.07001,891.20001,892.53003,850.10999,31505708
2022-08-11,859.89001,889.53998,894.71002,857.5,23284942
2022-08-12,900.09003,868.245,900.47998,855.09998,26421681
2022-08-15,927.96002,905.35999,939.40002,903.69,29654896
2022-08-16,919.69,935.0,944.0,908.65002,29252332
2022-08-17,911.98999,910.19,928.96997,900.09998,22801421
2022-08-18,908.60999,918.0,919.5,905.56,15811258
2022-08-19,890.0,897.0,901.08002,877.5,20387256
2022-08-22,869.73999,875.73999,877.20001,858.89001,18522535
2022-08-23,889.35999,874.35999,896.47992,863.77002,21191718
2022-08-24,891.28998,892.69,910.94,889.5,19009427
2022-08-25,296.07001,302.35999,302.95999,291.60001,53054968
2022-08-26,288.09,297.42999,302.0,287.47,56980538
2022-08-29,284.82001,282.82999,287.73999,280.70001,41734885
2022-08-30,277.70001,287.86499,288.48001,272.64999,50426920
2022-08-31,275.60999,280.62,281.25,271.81,52011177
2022-09-01,277.16,272.57501,277.57999,266.14999,54140882
2022-09-02,270.20999,281.065,282.35001,269.07999,50755034
2022-09-06,274.42001,272.67499,275.98999,265.73999,55693949
2022-09-07,283.70001,273.10001,283.84,272.26999,49920614
2022-09-08,289.26001,281.29999,289.5,279.76001,53595048
2022-09-09,299.67999,291.67001,299.85001,291.245,54397352
2022-09-12,304.42001,300.72,305.48999,300.39999,48514918
2022-09-13,292.13,292.89999,297.3999,290.39999,68115126
2022-09-14,302.60999,292.23999,306.0,291.64001,72467737
2022-09-15,303.75,301.82501,309.12,300.7247,64654056
2022-09-16,303.35001,299.60501,303.70999,295.60049,87013517
2022-09-19,309.07001,300.09,309.84,297.79999,60066291
2022-09-20,308.73001,306.91,313.32999,305.57999,61496712
2022-09-21,300.79999,308.29001,313.79999,300.63,62268597
2022-09-22,288.59,299.85999,301.29001,285.82001,70414498
2022-09-23,275.32999,283.09,284.5,272.82001,63609161
2022-09-26,276.01001,271.82999,284.09,270.31,57970486
2022-09-27,282.94,283.84,288.67001,277.51001,61856598
2022-09-28,287.81,283.07999,289.0,277.57001,54575343
2022-09-29,268.20999,282.76001,283.64999,265.78,77433797
2022-09-30,265.25,266.14499,275.57001,262.47,67590315
2022-10-03,242.39999,254.5,255.16,241.00999,97866277
2022-10-04,249.44,250.52,257.5,242.00999,109420034
2022-10-05,240.81,245.00999,246.66969,233.27,87373449
2022-10-06,238.13,239.44,244.58,235.35001,69206839
2022-10-07,223.07001,233.935,234.5715,222.02,83836880
2022-10-10,222.96001,223.92999,226.99001,218.3582,67794113
2022-10-11,216.5,220.94501,225.75,215.0,76964824
2022-10-12,217.24001,215.33,219.2999,211.50999,66752934
2022-10-13,221.72,208.3,222.99001,206.22,91275440
2022-10-14,204.99001,224.00999,226.25999,204.16,94069262
2022-10-17,219.35001,210.03999,221.86,209.45,79300645
2022-10-18,220.19,229.5,229.82001,217.25,75709929
2022-10-19,222.03999,219.8,222.92999,217.78,66448270
2022-10-20,207.28,208.28,215.55,202.0,117513489
2022-10-21,214.44,206.41499,214.66,203.8,75599810
2022-10-24,211.25,205.82001,213.5,198.5863,100132929
2022-10-25,222.41499,210.10001,224.34979,210.0,96406574
2022-10-26,224.64,219.39999,230.60001,218.2,85083290
2022-10-27,225.09,229.77,233.81,222.85001,61485583
2022-10-28,228.52,225.39999,228.86,216.35001,68991992
2022-10-31,227.53999,226.19,229.85001,221.94,61352314
2022-11-01,227.82001,234.05,237.3951,227.28,62588696
2022-11-02,214.98,226.03999,227.8699,214.82001,63227251
2022-11-03,215.31,211.36,221.2,210.14,56466594
2022-11-04,207.47,222.60001,223.8,203.08,98409420
2022-11-07,197.08,208.64999,208.89999,196.66,93735619
2022-11-08,191.3,194.02,195.2,186.75,128482858
2022-11-09,177.59,190.77499,195.89,177.12,126816459
2022-11-10,190.72,189.89999,191.0,180.03,132264375
2022-11-11,195.97,186.0,196.52,182.59,114241078
2022-11-14,190.95,192.77,195.73,186.34,91935123
2022-11-15,194.42,195.88,200.8237,192.06,91235812
2022-11-16,186.92,191.50999,192.57001,185.66,66444662
2022-11-17,183.17,183.96001,186.16,180.89999,64255952
2022-11-18,180.19,185.05,185.19,176.55,75942837
2022-11-21,167.87,175.85001,176.77,167.53999,92723122
2022-11-22,169.91,168.63,170.92,166.185,78309553
2022-11-23,183.2,173.57001,183.62,172.5,109415640
2022-11-25,182.86,185.06,185.2,180.63,50612335
2022-11-28,182.92,179.96001,188.5,179.0,92988917
2022-11-29,180.83,184.99001,186.38,178.75,83311150
2022-11-30,194.7,182.42999,194.75999,180.6301,109016906
2022-12-01,194.7,197.08,198.92,191.8,80030010
2022-12-02,194.86,191.78,196.25,191.11,73599862
2022-12-05,182.45,189.44,191.27,180.55,93045600
2022-12-06,179.82001,181.215,183.64999,175.33,92061516
2022-12-07,174.03999,175.03,179.38,172.218,84167051
2022-12-08,173.44,172.2,175.2,169.06,97529789
2022-12-09,179.05,173.84,182.5,173.36,104807425
2022-12-12,167.82001,176.10001,177.37,167.52,109703453
2022-12-13,160.95,174.87,175.05,156.91,175708726
2022-12-14,156.8,159.25,161.62,155.31,140839524
2022-12-15,157.67,153.44,160.9299,153.28,122196711
2022-12-16,150.23,159.63499,160.99001,150.03999,138829435
2022-12-19,149.87,154.0,155.25,145.82001,139065242
2022-12-20,137.8,146.05,148.47,137.66,159408930
2022-12-21,137.57001,139.33501,141.25999,135.89,145291136
2022-12-22,125.35,136.0,136.63,122.26,210011915
2022-12-23,123.15,126.37,128.61729,121.02,166917212
2022-12-27,109.1,117.495,119.67,108.76,208446557
2022-12-28,112.71,110.35,116.27,108.24,220818648
2022-12-29,121.82,120.385,123.57,117.495,221592714
2022-12-30,123.18,119.95,124.48,119.75,157632606
2023-01-03,108.1,118.47,118.8,104.64,231228447
2023-01-04,113.64,109.11,114.59,107.52,180264879
2023-01-05,110.34,110.51,111.75,107.1601,157922820
2023-01-06,113.06,103.0,114.39,101.81,220789295
2023-01-09,119.77,118.96,123.52,117.11,190179943
2023-01-10,118.85,121.07,122.76,114.92,167543486
2023-01-11,123.22,122.09,125.95,120.51,183644973
2023-01-12,123.56,122.56,124.1311,117.0,169299038
2023-01-13,122.4,116.55,122.63,115.6,180601337
2023-01-17,131.49001,125.695,131.7,125.02,186383320
2023-01-18,128.78,136.55499,136.67999,127.01,195907430
2023-01-19,127.17,127.26,129.99001,124.3082,170203867
2023-01-20,133.42,128.67999,133.50999,127.3466,138741604
2023-01-23,143.75,135.87,145.3793,134.27,203015518
2023-01-24,143.89,143.0,146.5,141.10001,158635805
2023-01-25,144.42999,141.905,146.41,138.07001,192598292
2023-01-26,160.27,159.965,161.42,154.75999,234521497
2023-01-27,177.89999,162.42999,180.67999,161.17,306265655
2023-01-30,166.66,178.05,179.77,166.5,230561150
2023-01-31,173.22,164.57001,174.3,162.78,196643435
2023-02-01,181.41,173.89,183.80499,169.92999,213677567
2023-02-02,188.27,187.325,196.75011,182.61,217359929
2023-02-03,189.98,183.95,199.0,183.69,232518972
2023-02-06,194.75999,193.00999,198.17,189.92,186118440
2023-02-07,196.81,196.42999,197.5,189.55,185877555
2023-02-08,201.28999,196.10001,203.0,194.31,180441707
2023-02-09,207.32001,207.77499,214.0,204.77,215269381
2023-02-10,196.89,202.22501,206.2,192.89,204670380
2023-02-13,194.64,194.41499,196.3,187.61,172307177
2023-02-14,209.25,191.94,209.82001,189.44,216304155
2023-02-15,214.24001,211.755,214.66,206.11,181921412
2023-02-16,202.03999,210.78,217.64999,201.84,229849321
2023-02-17,208.31,199.985,208.44,197.5,213563699
2023-02-21,197.37,204.99001,209.71001,197.22,179861665
2023-02-22,200.86,197.92999,201.99001,191.78,191677243
2023-02-23,202.07001,203.91,205.14,196.33,146246173
2023-02-24,196.88,196.325,197.66949,192.8,142130366
2023-02-27,207.63,202.03,209.42,201.25999,160932454
2023-02-28,205.71001,210.59,211.23,203.75,153240694
2023-03-01,202.77,206.21001,207.2,198.52,156758794
2023-03-02,190.89999,186.74001,193.74989,186.00999,181860451
2023-03-03,197.78999,194.795,200.48,192.88,154115016
2023-03-06,193.81,198.53999,198.60001,192.3,128015272
2023-03-07,187.71001,191.38,194.2,186.10001,148017226
2023-03-08,182.0,185.03999,186.5,180.0,151781028
2023-03-09,172.92,180.25,185.17999,172.51241,169922222
2023-03-10,173.44,175.13,178.28999,168.44,191427112
2023-03-13,174.48,167.455,177.35001,163.91,167633175
2023-03-14,183.25999,177.31,183.8,177.14011,143617637
2023-03-15,180.45,180.8,182.34,176.03,145853301
2023-03-16,184.13,180.36501,185.81,178.84,121314947
2023-03-17,180.13,184.515,186.21989,177.33,133705684
2023-03-20,183.25,178.08,186.44,176.35001,129581399
2023-03-21,197.58,188.28,198.0,188.03999,153603113
2023-03-22,191.14999,199.3,200.66,190.95,150284086
2023-03-23,192.22,195.25999,199.31,188.64999,144153854
2023-03-24,190.41,191.64999,192.36,187.14999,116461377
2023-03-27,191.81,194.41499,197.39,189.94,120811402
2023-03-28,189.19,192.0,192.35001,185.42999,98609953
2023-03-29,193.88,193.13,195.28999,189.44,123611201
2023-03-30,195.28,195.58,197.33,194.42,110219897
2023-03-31,207.46001,197.53,207.78999,197.2,170149620
2023-04-03,194.77,199.91,202.6897,192.2,169456133
2023-04-04,192.58,197.32001,198.7446,190.32001,126422540
2023-04-05,185.52,190.515,190.67999,183.75999,133832065
2023-04-06,185.06,183.08,186.39,179.74001,123800691
2023-04-10,184.50999,179.94,185.10001,176.11,142094798
2023-04-11,186.78999,186.69,189.19,185.64751,115703989
2023-04-12,180.53999,190.74001,191.58459,180.31,150149324
2023-04-13,185.89999,182.955,186.5,180.94,112872693
2023-04-14,185.0,183.95,186.28,182.00999,96378578
2023-04-17,187.03999,186.32001,189.69,182.69,116611033
2023-04-18,184.31,187.14999,187.69,183.5775,92039041
2023-04-19,180.59,179.10001,183.5,177.64999,125890342
2023-04-20,162.99001,166.16499,169.7,160.56,210784506
2023-04-21,165.08,164.8,166.0,161.3208,123424274
2023-04-24,162.55,164.64999,165.64999,158.61,139998978
2023-04-25,160.67,159.82001,163.47,158.75,121911694
2023-04-26,153.75,160.28999,160.67,153.14,153197454
2023-04-27,160.19,152.64,160.48,152.37,126874841
2023-04-28,164.31,160.89999,165.0,157.32001,122381452
2023-05-01,161.83,163.17,163.28,158.83,108988266
2023-05-02,160.31,161.88,165.49001,158.92999,128200492
2023-05-03,160.61,160.00999,165.0,159.91,119665417
2023-05-04,161.2,162.71001,162.95,159.64999,95073102
2023-05-05,170.06,163.97,170.7899,163.50999,107541424
2023-05-08,171.78999,173.72,173.8,169.19,112178475
2023-05-09,169.14999,168.95,169.82001,166.56,88890479
2023-05-10,168.53999,172.55,174.42999,166.67999,119745838
2023-05-11,172.08,168.7,173.57001,166.78999,103839759
2023-05-12,167.98,176.07001,177.38,167.23,157712145
2023-05-15,166.35001,167.655,169.75999,164.5499,105540307
2023-05-16,166.52,165.64999,169.5184,164.35001,98239171
2023-05-17,173.86,168.41,174.5,167.185,125457160
2023-05-18,176.89,174.22,177.06,172.45,109487672
2023-05-19,180.14,177.17,181.95,176.31,136144750
2023-05-22,188.87,180.7,189.32001,180.11,131952371
2023-05-23,185.77,186.2,192.96001,185.25999,156892637
2023-05-24,182.89999,182.23,184.22,178.22,137541027
2023-05-25,184.47,186.53999,186.78,180.58,97302851
2023-05-26,193.17,184.62,198.60001,184.53,161949944
2023-05-30,201.16,200.10001,204.48,197.53,128726551
2023-05-31,203.92999,199.78,203.95,195.12,150533427
2023-06-01,207.52,202.59,209.8,199.37,147883435
2023-06-02,213.97,210.14999,217.25,209.752,164297257
2023-06-05,217.61,217.8,221.28999,214.52,151016555
2023-06-06,221.31,216.14,221.91,212.53,146785221
2023-06-07,224.57001,228.0,230.82961,223.2,185596127
2023-06-08,234.86,224.22,235.23,223.00999,164412586
2023-06-09,244.39999,249.07001,252.42,242.02,200111202
2023-06-12,249.83,247.94,250.97,244.59,150653098
2023-06-13,258.70999,253.50999,259.67999,251.34,162335493
2023-06-14,256.79001,260.17001,261.57001,250.5,170425351
2023-06-15,255.89999,248.39999,258.95001,247.28999,160092361
2023-06-16,260.54001,258.92001,263.60001,257.20911,168234213
2023-06-20,274.45001,261.5,274.75,261.12,165513997
2023-06-21,259.45999,275.13,276.98999,257.78,211574234
2023-06-22,264.60999,250.77,265.0,248.25,166731644
2023-06-23,256.60001,259.29001,262.45001,252.8,177346084
2023-06-26,241.05,250.065,258.37,240.7,179758166
2023-06-27,250.21001,243.24001,250.38989,240.85001,164827712
2023-06-28,256.23999,249.7,259.88,248.89,159593987
2023-06-29,257.5,258.03,260.73999,253.61,131177205
2023-06-30,261.76999,260.60001,264.45001,259.89001,112566291
2023-07-03,279.82001,276.48999,284.25,275.10999,119636530
2023-07-05,282.48001,278.82001,283.85001,277.60001,131462638
2023-07-06,276.54001,278.09,279.97,272.88,120673994
2023-07-07,274.42999,278.42999,280.78,273.76999,113804091
2023-07-10,269.60999,276.47,277.51999,265.10001,119368892
2023-07-11,269.79001,268.64999,270.89999,266.37,91930541
2023-07-12,271.98999,276.32501,276.51999,271.45999,95631136
2023-07-13,277.89999,274.59,279.45001,270.60001,112641283
2023-07-14,281.38,277.01001,285.29999,276.31,119975119
2023-07-17,290.38,286.625,292.23001,283.57001,131515072
2023-07-18,293.34,290.14999,295.26001,286.01001,112389541
2023-07-19,291.26001,296.04001,299.29001,289.52011,142256009
2023-07-20,262.89999,279.56,280.92999,261.20001,175024273
2023-07-21,260.01999,268.0,268.0,255.8,162212314
2023-07-24,269.06,255.85001,269.85001,254.12,136890809
2023-07-25,265.28,272.38,272.89999,265.0,112646981
2023-07-26,264.35001,263.25,268.04001,261.75,96003688
2023-07-27,255.71001,268.31,269.13,255.3,103584159
2023-07-28,266.44,259.85999,267.25,258.2312,111258312
2023-07-31,267.42999,267.48001,269.07999,263.78,84523850
2023-08-01,261.07001,266.26001,266.47,260.25,83599882
2023-08-02,254.11,255.57001,259.51999,250.49001,101629592
2023-08-03,259.32001,252.03999,260.48999,252.0,97780144
2023-08-04,253.86,260.97,264.76999,253.11,99552653
2023-08-07,251.45,251.45,253.65109,242.75999,111081967
2023-08-08,249.7,247.45,250.92,245.00999,96567499
2023-08-09,242.19,250.87,251.10001,241.89999,101518231
2023-08-10,245.34,245.39999,251.8,243.0,109391351
2023-08-11,242.64999,241.77,243.78999,238.02,99531759
2023-08-14,239.75999,235.7,240.66,233.75,98540221
2023-08-15,232.96001,238.73,240.5,232.61,88123221
2023-08-16,225.60001,228.02,233.97,225.38,112389730
2023-08-17,219.22,226.06,226.74001,218.83,120656222
2023-08-18,215.49001,214.12,217.58,212.36,136156273
2023-08-21,231.28,221.55119,232.13429,220.58,135644088
2023-08-22,233.19,240.25,240.82001,229.55,131014237
2023-08-23,236.86,229.34,238.98,229.28999,101002283
2023-08-24,230.03999,238.66,238.92,228.1801,99726283
2023-08-25,238.59,231.31,239.0,230.35001,106545655
2023-08-28,238.82001,242.58,244.38,235.35001,107601373
2023-08-29,257.17999,238.58,257.48001,237.77,133932894
2023-08-30,256.89999,254.2,260.51001,250.59,122113491
2023-08-31,258.07999,255.98,261.17999,255.05,108817998
2023-09-01,245.00999,257.26001,259.07941,242.00999,132452603
2023-09-05,256.48999,245.0,258.0,244.86,129383583
2023-09-06,251.92,255.13499,255.39,245.06,116899901
2023-09-07,251.49001,245.07001,252.81,243.265,115253336
2023-09-08,248.5,251.22,256.51999,246.67,118556504
2023-09-11,273.57999,264.26999,274.85001,260.60999,174454114
2023-09-12,267.48001,270.76001,278.39001,266.60001,135913392
2023-09-13,271.29999,270.07001,274.98001,268.10001,111576920
2023-09-14,276.04001,271.32001,276.70941,270.42001,107620729
2023-09-15,274.39001,277.54999,278.98001,271.0,133572703
2023-09-18,265.28,271.16,271.44,263.7601,101811580
2023-09-19,266.5,264.35001,267.85001,261.20001,103650387
2023-09-20,262.59,267.04001,273.92999,262.4606,122449338
2023-09-21,255.7,257.85001,260.85999,254.21001,119876585
2023-09-22,244.88,257.39999,257.78879,244.48,127448000
2023-09-25,246.99001,243.38,247.10001,238.31,104606976
2023-09-26,244.12,242.98,249.55,241.6601,101889443
2023-09-27,240.5,244.26199,245.33,234.58,136623140
2023-09-28,246.38,240.02,247.55,238.64999,117075338
2023-09-29,250.22,250.0,254.77,246.35001,128429386
2023-10-02,251.60001,244.81,254.27991,242.62,123801386
2023-10-03,246.53,248.61,250.02,244.45,101944708
2023-10-04,261.16,248.14,261.85999,247.60001,129647169
2023-10-05,260.04999,260.0,263.60001,256.25,119048664
2023-10-06,260.53,253.98,261.64999,250.64999,118074095
2023-10-09,259.67001,255.31,261.35999,252.05,101321637
2023-10-10,263.62,257.75,268.94,257.64999,122896194
2023-10-11,262.98999,266.20001,268.60001,260.89999,103667784
2023-10-12,258.87,262.92001,265.41,256.63071,111444328
2023-10-13,251.12,258.89999,259.60001,250.22,102233881
2023-10-16,253.92,250.05,255.3999,248.48,88859651
2023-10-17,254.85001,250.10001,257.18301,247.08,93506544
2023-10-18,242.67999,252.7,254.63,242.08,124967145
2023-10-19,220.11,225.95,230.61,216.78,171290285
2023-10-20,211.99001,217.00999,218.8606,210.42,137990782
2023-10-23,212.08,210.0,216.98,202.50999,150580228
2023-10-24,216.52,216.5,222.05,214.11,118142614
2023-10-25,212.42,215.88,220.10001,212.2,107009167
2023-10-26,205.75999,211.32001,214.8,204.88,115040453
2023-10-27,207.3,210.60001,212.41,205.77,94871960
2023-10-30,197.36,209.28,210.88,194.67,136233609
2023-10-31,200.84,196.12,202.8,194.07001,117995775
2023-11-01,205.66,204.03999,205.99001,197.85001,121169616
2023-11-02,218.50999,212.97,219.2,211.45,125126870
2023-11-03,219.96001,221.14999,226.3701,218.39999,119130303
2023-11-06,219.27,223.98,226.32001,215.0,116658009
2023-11-07,222.17999,219.98,223.12,215.72,116416829
2023-11-08,222.11,223.14999,224.14999,217.64,106100857
2023-11-09,209.98,219.75,220.8,206.67999,141370646
2023-11-10,214.64999,210.03,215.38,205.69,130818519
2023-11-13,223.71001,215.60001,225.39999,211.61011,139344959
2023-11-14,237.41,235.03,238.13499,230.72,149128332
2023-11-15,242.84,239.28999,246.7,236.45,149733647
2023-11-16,233.59,239.49001,240.88,230.96001,136142566
2023-11-17,234.3,232.0,237.39,226.53999,142273729
2023-11-20,235.60001,234.03999,237.10001,231.02,116103870
2023-11-21,241.2,235.03999,243.62,233.34,122057829
2023-11-22,234.21001,242.03999,244.00999,231.39999,117575198
2023-11-24,235.45,233.75,238.75,232.33,64790526
2023-11-27,236.08,236.89,238.33,232.10001,111514924
2023-11-28,246.72,236.67999,247.0,234.00999,147518559
2023-11-29,244.14,249.21001,252.75,242.75999,134917402
2023-11-30,240.08,245.14,245.22,236.91,131686044
2023-12-01,238.83,233.14,240.19,231.89999,120589428
2023-12-04,235.58,235.75,239.37331,233.29021,103685304
2023-12-05,238.72,233.87,246.66,233.7,137383283
2023-12-06,239.37,242.92,246.57001,239.1709,125946633
2023-12-07,242.64,241.55,244.08,236.98,106696749
2023-12-08,243.84,240.27,245.27,239.2701,102674872
2023-12-11,239.74001,242.74001,243.44099,237.45,97348481
2023-12-12,237.00999,238.55,238.99001,233.87,94968562
2023-12-13,239.28999,234.19,240.3,228.2,145836743
2023-12-14,251.05,241.22,253.88,240.78999,159025080
2023-12-15,253.5,251.21001,254.13,248.3,135321130
2023-12-18,252.08,253.78,258.73999,251.36,116089652
2023-12-19,257.22,253.48,258.3399,253.00999,106287817
2023-12-20,247.14,256.41,259.84,247.0,124527509
2023-12-21,254.5,251.89999,254.7999,248.55,109157466
2023-12-22,252.53999,256.76001,258.22,251.37,93148541
2023-12-26,256.60999,254.49001,257.97,252.91,86700724
2023-12-27,261.44,258.35001,263.34,257.51999,106250779
2023-12-28,253.17999,263.66,265.13,252.71001,113250680
2023-12-29,248.48,255.10001,255.19,247.42999,100321201
2024-01-02,248.42,250.08,251.25,244.41,104255460
2024-01-03,238.45,244.98,245.67999,236.32001,120564191
2024-01-04,237.92999,239.25,242.7,237.73,102237086
2024-01-05,237.49001,236.86,240.1196,234.9001,92092968
2024-01-08,240.45,236.14,241.25,235.3,84885157
2024-01-09,234.96001,238.11,238.9646,232.03999,96239540
2024-01-10,233.94,235.10001,235.5,231.28999,91388885
2024-01-11,227.22,230.57001,230.92999,225.37,105452655
2024-01-12,218.89,220.08,225.34,217.1501,123224539
2024-01-16,219.91,215.10001,223.49001,212.17999,114828202
2024-01-17,215.55,214.86,215.67,212.00999,102800174
2024-01-18,211.88,216.88,217.45,208.74001,108116539
2024-01-19,212.19,209.99001,213.19,207.56,101870794
2024-01-22,208.8,212.25999,217.8,206.27,117176588
2024-01-23,209.14,211.3,215.64999,207.7516,106246503
2024-01-24,207.83,211.88,212.73,206.77,122589931
2024-01-25,182.63,189.7,193.0,180.06,196695464
2024-01-26,183.25,185.5,186.78,182.10001,106691892
2024-01-29,190.92999,185.63,191.48,183.67,124380363
2024-01-30,191.59,195.33,196.3593,190.61,109597262
2024-01-31,187.28999,186.995,193.97,185.8459,102538604
2024-02-01,188.86,188.5,189.88,184.28,91546107
2024-02-02,187.91,185.03999,188.69,182.0,110057385
2024-02-05,181.06,184.25999,184.67999,175.00999,133226245
2024-02-06,185.10001,177.21001,186.49001,177.11,121831208
2024-02-07,187.58,188.17999,189.78999,182.67999,110674690
2024-02-08,189.56,189.0,191.6171,185.58,82705299
2024-02-09,193.57001,190.17999,194.12,189.48,84061268
2024-02-12,188.13,192.11,194.73,187.28,95132907
2024-02-13,184.02,183.99001,187.25999,182.1087,86516435
2024-02-14,188.71001,185.3,188.89,183.35001,80874230
2024-02-15,200.45,189.16,200.88,188.8595,120322356
2024-02-16,199.95,202.06,203.17,197.39999,110998394
2024-02-20,193.75999,196.13,198.60001,189.13,104162866
2024-02-21,194.77,193.36,199.44,191.95,103656607
2024-02-22,197.41,194.0,198.32001,191.36,92376113
2024-02-23,191.97,195.31,197.57001,191.5,78741410
2024-02-26,199.39999,192.28999,201.78,192.0,111284989
2024-02-27,199.73,204.03999,205.60001,198.25999,108250777
2024-02-28,202.03999,200.42,205.3,198.44,99520536
2024-02-29,201.88,204.17999,205.28,198.4463,85660961
2024-03-01,202.64,200.52,204.52,198.5,81984193
2024-03-04,188.14,198.73,199.75,186.72,134161191
2024-03-05,180.74001,183.05,184.59,177.57001,118969273
2024-03-06,176.53999,179.99001,181.576,173.7,107529545
2024-03-07,178.64999,174.35001,180.03999,173.7,101743362
2024-03-08,175.34,181.5,182.73,174.7,85168240
2024-03-11,177.77,175.44501,182.87,174.8,85036878
2024-03-12,177.53999,177.77,179.42999,172.4101,86962145
2024-03-13,169.48,173.05,176.05,169.14999,106093925
2024-03-14,162.5,167.77,171.17,160.50999,125622630
2024-03-15,163.57001,163.16,165.18449,160.75999,96842847
2024-03-18,173.8,170.02,174.72,165.89999,107717296
2024-03-19,171.32001,172.36,172.82001,167.42,77110559
2024-03-20,175.66,173.0,176.25,170.82001,83522562
2024-03-21,172.82001,176.39,178.17999,171.8,72916363
2024-03-22,170.83,166.69,171.2,166.3,75128979
2024-03-25,172.63,168.75999,175.24001,168.73,73913863
2024-03-26,177.67,178.58,184.25,177.38,112473255
2024-03-27,179.83,181.41,181.91,176.0,81493088
2024-03-28,175.78999,177.45,179.57001,175.3,77400344
2024-04-01,175.22,176.17,176.75,170.21001,81155501
2024-04-02,166.63,164.75,167.69,163.42999,115874094
2024-04-03,168.38,164.02,168.82001,163.28,82529268
2024-04-04,171.11,170.07001,177.19,168.00999,122623494
2024-04-05,164.89999,169.08,170.86,160.50999,142062697
2024-04-08,172.98,169.34,174.5,167.78999,103807153
2024-04-09,176.88,172.91,179.22,171.92,102849759
2024-04-10,171.75999,173.03999,174.92999,170.00999,84275804
2024-04-11,174.60001,172.55,175.88,168.50999,94039726
2024-04-12,171.05,172.34,173.80991,170.3644,64514076
2024-04-15,161.48,170.24001,170.69,161.38,99843999
2024-04-16,157.11,156.742,158.19,153.75,96527931
2024-04-17,155.45,157.64,158.33,153.78,82203768
2024-04-18,149.92999,151.25,152.2,148.7,95569571
2024-04-19,147.05,148.97,150.94,146.22,86618890
2024-04-22,142.05,140.56,144.44,138.80251,106315167
2024-04-23,144.67999,143.33,147.25999,141.11,123645544
2024-04-24,162.13,162.84,167.97,157.50999,180116401
2024-04-25,170.17999,158.96001,170.88,158.36,125391229
2024-04-26,168.28999,168.85001,172.12,166.37,109420697
2024-04-29,194.05,188.42,198.87,184.53999,242135242
2024-04-30,183.28,186.98,190.95,182.8401,126419164
2024-05-01,179.99001,182.0,185.86,179.00999,92268705
2024-05-02,180.00999,182.86,184.60001,176.02,88842542
2024-05-03,181.19,182.10001,184.78,178.42,75242656
2024-05-06,184.75999,183.8,187.56,182.2,84070143
2024-05-07,177.81,182.39999,183.25999,177.39999,74806361
2024-05-08,174.72,171.59,176.06,170.14999,79622020
2024-05-09,171.97,175.00999,175.62,171.37,65668205
2024-05-10,168.47,173.05,173.05991,167.75,72313728
2024-05-13,171.89,170.0,175.39999,169.0,66713908
2024-05-14,177.55,174.496,179.49001,174.07001,85794732
2024-05-15,173.99001,179.89999,180.0,173.11,79503000
2024-05-16,174.84,174.10001,175.78999,171.42999,59592685
2024-05-17,177.46001,173.55,179.63,172.75,77104574
2024-05-20,174.95,177.56,177.754,173.52,61531173
2024-05-21,186.60001,175.50999,186.875,174.71001,114715860
2024-05-22,180.11,182.85001,183.8,178.12,87972611
2024-05-23,173.74001,181.8,181.89999,173.25999,71670814
2024-05-24,179.24001,174.83501,180.08,173.73,65283235
2024-05-28,176.75,176.39999,178.25,173.16,59492355
2024-05-29,176.19,174.19,178.14999,173.92999,54520937
2024-05-30,178.78999,178.575,182.67,175.38,77504359
2024-05-31,178.08,178.5,180.32001,173.82001,67089917
2024-06-03,176.28999,178.13,182.6389,174.49001,68283133
2024-06-04,174.77,174.77499,177.755,174.0,59802862
2024-06-05,175.0,175.35001,176.14999,172.13,57686889
2024-06-06,177.94,174.60001,179.73,172.73,69534831
2024-06-07,177.48,176.13,179.35001,175.58,56058663
2024-06-10,173.78999,176.06,178.57001,173.17,50649310
2024-06-11,170.66,173.92,174.75,167.41,64311731
2024-06-12,177.28999,171.12,180.55,169.8,89875669
2024-06-13,182.47,188.39,191.08,181.23,118150805
2024-06-14,178.00999,185.8,186.0,176.92,81573527
2024-06-17,187.44,177.92,188.81,177.0,109223952
2024-06-18,184.86,186.56,187.2,182.37,68767958
2024-06-20,181.57001,184.67999,185.21001,179.66,55719320
2024-06-21,183.00999,182.3,183.95,180.69,62938409
2024-06-24,182.58,184.97,188.8,182.55,61684865
2024-06-25,187.35001,184.39999,187.97,182.00999,63427431
2024-06-26,196.37,186.53999,197.755,186.36,95249053
2024-06-27,197.42,195.17,198.72,194.05,72444007
2024-06-28,197.88,199.55,203.2,195.25999,94740075
2024-07-01,209.86,201.02,213.23,200.85001,134776412
2024-07-02,231.25999,218.89,231.3,218.06,203227411
2024-07-03,246.39,234.56,248.35001,234.25,165780718
2024-07-05,251.52,249.81,252.37,242.4601,153687026
2024-07-08,252.94,247.71001,259.439,244.57001,156490811
2024-07-09,262.32999,251.0,265.60999,250.3,159809434
2024-07-10,263.26001,262.79999,267.59,257.85999,127893508
2024-07-11,241.03,263.29999,271.0,239.64999,219357715
2024-07-12,248.23,235.8,251.84,233.0912,154612489
2024-07-15,252.64,255.97,265.60001,251.73,146348082
2024-07-16,256.56,255.31,258.62,245.80009,125686009
2024-07-17,248.5,252.73,258.47,246.18201,114960162
2024-07-18,249.23,251.09,257.14001,247.2,110362908
2024-07-19,239.2,247.78999,249.44,236.83,86837222
2024-07-22,251.50999,244.21001,253.21001,243.75,100736024
2024-07-23,246.38,253.60001,255.7594,245.63,111248663
2024-07-24,215.99001,225.42,225.99001,214.71001,166518564
2024-07-25,220.25,216.8,226.0,216.231,100062765
2024-07-26,219.8,221.19,222.27991,215.33,94187844
2024-07-29,232.10001,224.89999,234.27,224.7,128559412
2024-07-30,222.62,232.25,232.41,220.0,100557291
2024-07-31,232.07001,227.89999,234.67999,226.78751,67094165
2024-08-01,216.86,227.69,231.867,214.33279,83329169
2024-08-02,207.67,214.88,216.13,205.78,82162428
2024-08-05,198.88,185.22,203.8799,182.0,99182169
2024-08-06,200.64,200.75,202.89999,192.67,73312599
2024-08-07,191.75999,200.77,203.49001,191.48,70880262
2024-08-08,198.84,195.7,200.7,192.03999,64711407
2024-08-09,200.0,197.05,200.88,195.11,58358024
2024-08-12,197.49001,199.02,199.25999,194.67,63901440
2024-08-13,207.83,198.47,208.49001,197.06,76002458
2024-08-14,201.38,207.39,208.44,198.75,69917072
2024-08-15,214.14,205.02,215.88,204.82001,89426567
2024-08-16,216.12,211.14999,219.8,210.8,88500568
2024-08-19,222.72,217.07001,222.98,214.09,76212517
2024-08-20,221.10001,224.88,228.22,219.56,73715439
2024-08-21,223.27,222.67,224.65939,218.86,70010477
2024-08-22,210.66,223.82001,224.8,210.32001,79294313
2024-08-23,220.32001,214.455,221.48,214.21001,81204885
2024-08-26,213.21001,218.75,219.09,211.00999,59063220
2024-08-27,209.21001,213.25,215.66,206.94,62692900
2024-08-28,205.75,209.72,211.84,202.59,63877886
2024-08-29,206.28,209.8,214.89,205.97,62056053
2024-08-30,214.11,208.63,214.5701,207.03,63024686
2024-09-03,210.60001,215.25999,219.9043,209.64,76310864
2024-09-04,219.41,210.59,222.22,210.57001,80182824
2024-09-05,230.17,223.49001,235.0,222.25,118675903
2024-09-06,210.73,232.60001,233.60001,210.50999,111582384
2024-09-09,216.27,216.2,219.87,213.67,67247072
2024-09-10,226.17,220.07001,226.39999,218.6377,78544631
2024-09-11,228.13,224.55,228.47,216.80029,83192859
2024-09-12,229.81,224.66,231.45,223.83,71640511
2024-09-13,230.28999,228.0,232.67,226.32001,59331248
2024-09-16,226.78,229.3,229.96001,223.53,54091518
2024-09-17,227.87,229.45,234.57001,226.5533,66466148
2024-09-18,227.2,230.09,235.67999,226.88,77537951
2024-09-19,243.92,234.0,244.24001,232.13,102134551
2024-09-20,238.25,241.52,243.99001,235.92,99442874
2024-09-23,250.0,242.61,250.0,241.92,86570844
2024-09-24,254.27,254.08,257.19,249.05009,88151887
2024-09-25,257.01999,252.53999,257.04999,252.28,64867964
2024-09-26,254.22,260.60001,261.75,251.53,66935743
2024-09-27,260.45999,257.375,260.69989,254.12,70713285
2024-09-30,261.63,259.04001,264.85999,255.77,80585400
2024-10-01,258.01999,262.67001,263.98001,248.53,87260140
2024-10-02,249.02,247.55,251.15849,241.5,93237542
2024-10-03,240.66,244.48,249.78999,237.81,80460157
2024-10-04,250.08,246.69,250.96001,244.58,86393091
2024-10-07,240.83,249.0,249.83,240.7,67897366
2024-10-08,244.5,243.56,246.21001,240.56,56088070
2024-10-09,241.05,243.82001,247.42999,239.50999,65975436
2024-10-10,238.77,241.81,242.7899,232.34,82895649
2024-10-11,217.8,220.13,223.34,214.38,141215752
2024-10-14,219.16,220.13,221.91,213.74001,85783383
2024-10-15,219.57001,220.00999,224.25999,217.12,62794067
2024-10-16,221.33,221.39999,222.8199,218.92999,49393727
2024-10-17,220.89,221.59,222.08,217.89999,50676437
2024-10-18,220.7,220.71001,222.28,219.23,49400991
2024-10-21,218.85001,218.89999,220.48,215.726,47111623
2024-10-22,217.97,217.31,218.22,215.25999,43150103
2024-10-23,213.64999,217.125,218.72,212.11,80299326
2024-10-24,260.48001,244.67999,262.1199,242.64999,202685634
2024-10-25,269.19,256.01001,269.48999,255.32001,160941855
2024-10-28,262.51001,270.0,273.53601,262.23999,107374549
2024-10-29,259.51999,264.51001,264.98001,255.50999,80217450
2024-10-30,257.54999,258.035,263.35001,255.8201,53778722
2024-10-31,249.85001,257.98999,259.75,249.25,66400087
2024-11-01,248.98,252.043,254.0,246.63,57338534
2024-11-04,242.84,244.56,248.89999,238.88,68597321
2024-11-05,251.44,247.34,255.27991,246.2101,69308575
2024-11-06,288.53,284.67001,289.59,275.62,163988397
2024-11-07,296.91,288.89001,299.75,285.51999,116630849
2024-11-08,321.22,299.14001,328.70999,297.66,203536790
2024-11-11,350.0,346.29999,358.64001,336.0,209032018
2024-11-12,328.48999,342.73999,345.84,323.31,154902725
2024-11-13,330.23999,335.85001,344.59991,322.5,124888542
2024-11-14,311.17999,327.69,329.98001,310.37,120297880
2024-11-15,320.72,310.57001,324.6799,309.22,113996417
2024-11-18,338.73999,340.73001,348.5499,330.01001,125968353
2024-11-19,346.0,335.76001,347.37991,332.75,88424703
2024-11-20,342.03,345.0,346.59991,334.29999,66143609
2024-11-21,339.64001,343.81,347.9899,335.28,57722667
2024-11-22,352.56,341.08499,361.53,337.70001,88782912
2024-11-25,338.59,360.14001,361.92999,338.20001,95538697
2024-11-26,338.23001,341.0,346.95999,335.66,62012769
2024-11-27,332.89001,341.79999,342.54999,326.59,57750894
2024-11-29,345.16,336.07999,345.45001,334.65009,37268609
2024-12-02,357.09,352.38,360.0,351.15009,77721052
2024-12-03,351.42001,351.79999,355.69,348.20001,58076601
2024-12-04,357.92999,353.0,358.10001,348.60001,50624004
2024-12-05,369.48999,359.87,375.42999,359.5,81149116
2024-12-06,389.22,377.42001,389.48999,370.79999,81014909
2024-12-09,389.79001,397.60999,404.79999,378.01001,95914939
2024-12-10,400.98999,392.67999,409.73001,390.85001,97191038
2024-12-11,424.76999,409.70001,424.88,402.38,103713628
2024-12-12,418.10001,424.84,429.29999,415.0,87378338
2024-12-13,436.23001,420.0,436.29999,415.70999,88539920
2024-12-16,463.01999,441.09,463.19,436.14999,113275629
2024-12-17,479.85999,475.89999,483.98999,457.5101,130541820
2024-12-18,440.13,466.495,488.53989,427.01001,148291534
2024-12-19,436.17001,451.88,456.35999,420.01999,118063672
2024-12-20,421.06,425.505,447.07999,417.64001,131440690
2024-12-23,430.60001,431.0,434.51001,415.41119,72432544
2024-12-24,462.28,435.89999,462.78,435.14001,59351506
2024-12-26,454.13,465.16,465.3299,451.01999,76392273
2024-12-27,431.66,449.51999,450.0,426.5,82370345
2024-12-30,417.41,419.39999,427.0,415.75,64705452
