,Close,Volume,Return,Open,High,Low,MA_5,MA_20,MA_50,RSI
2025-04-23 09:32:03.423923,150.0,8474447,,149.6648051519696,150.3988931097661,149.14804233879622,,,,
2025-04-24 09:32:03.423923,149.66020709648646,5601020,-0.002265286023423574,148.85023032850256,149.71005824727143,148.46225170642802,,,,
2025-04-25 09:32:03.423923,151.67370121495813,16126502,0.013453770762013928,150.96367999026359,151.84738685852693,150.89823330097835,,,,
2025-04-28 09:32:03.423923,156.36960957321145,4699391,0.030960597128160572,155.93285391445673,156.79403524699995,155.18580238300382,,,,
2025-04-29 09:32:03.423923,155.7155049422833,33122302,-0.004183067494466619,154.96791437594104,156.0514830558098,154.38028192260253,152.68380456538787,,,
2025-04-30 09:32:03.423923,155.0641876052146,11074901,-0.004182739138983593,154.91917420322272,155.32222665253815,154.42424664755453,153.6966420864308,,,
2025-05-01 09:32:03.423923,160.03930674486517,49487260,0.032084256310147774,158.5423501256643,160.62388963185526,157.94065349175756,155.77246201610654,,,
2025-05-02 09:32:03.423923,162.5757208387489,4612610,0.015848694583058265,161.85961870720877,163.13962903915956,161.27360326330492,157.95286594086468,,,
2025-05-05 09:32:03.423923,161.1305059649942,16192217,-0.00888948771869913,160.84435984515108,161.2648330235825,160.3318843175293,158.90504521922125,,,
2025-05-06 09:32:03.423923,162.95953070476463,11292658,0.011351200871719369,163.29451644995402,164.0118930326228,162.16055902887808,160.3538503717175,,,
2025-05-07 09:32:03.423923,161.53064387529693,34698788,-0.0087683538562493,160.790696685712,161.93077436211726,160.06443420173994,161.64714162573398,,,
2025-05-08 09:32:03.423923,160.10681665791284,47341205,-0.00881459507140514,158.93222541984892,160.70038138870657,158.41834594636774,161.6606436083435,,,
2025-05-09 09:32:03.423923,160.9616662472769,29766157,0.005339245431320583,159.59735638618324,161.42294282581443,159.04421172987844,161.33783269004908,,,
2025-05-12 09:32:03.423923,154.8828515568382,2748014,-0.037765604893155946,156.24746806860364,157.02690279434788,154.84289502851982,160.0883018084179,,,58.44002252296717
2025-05-13 09:32:03.423923,149.61708913059945,41711152,-0.03399835665026052,149.3676447000324,150.1799509539644,148.86732473091612,157.41981349358485,,,49.44006650168604
2025-05-14 09:32:03.423923,148.00934120757535,47216125,-0.010745750584819302,148.24959772940844,148.7736455743179,147.97665672087726,154.71555296004055,,,47.67224581973453
2025-05-15 09:32:03.423923,145.08517654067455,3288627,-0.019756622406688518,146.30150262117004,146.87103384407905,144.65843478551224,151.71122493659288,,,40.94265167047674
2025-05-16 09:32:03.423923,146.06957172348532,15840260,0.0067849466519054324,144.8506165317575,146.17410494123888,144.1268316790311,148.73280603183457,,,34.23124566566375
2025-05-19 09:32:03.423923,143.48991275282714,24295179,-0.017660481510424098,144.57085522788398,144.71871116171772,143.0911495634378,146.45421827103237,,,32.325397844437916
2025-05-20 09:32:03.423923,139.50863101150165,7597519,-0.027746074026705703,139.65257008101003,140.15117450243537,139.17854653273005,144.4325266472128,153.72249876947575,,29.48636411078195
2025-05-21 09:32:03.423923,143.6677983929262,18541337,0.029812975378431084,142.7047479169425,144.02264455644095,142.48151854978138,143.56421808428297,153.40588868912207,,27.93550292865855
2025-05-22 09:32:03.423923,143.09089661171865,32099311,-0.004015526009730652,142.8369249129686,143.63080381435418,142.7508495402864,143.16536209849178,153.07742316488367,,22.275196816724304
2025-05-23 09:32:03.423923,143.355695487132,44112788,0.0018505640937585,144.1516128562056,144.22579041530824,142.83171345293474,142.62258685122112,152.66152287849235,,23.829231033526156
2025-05-26 09:32:03.423923,139.34245799230237,21279846,-0.02799496372426913,139.2877523714438,139.71623114321685,139.15361894299787,141.79309589911617,151.81016529944694,,17.328736661422212
2025-05-27 09:32:03.423923,137.89501668282082,11970723,-0.010387654490503606,139.23338724387003,139.4971102925376,137.8155326016052,141.47037303338,150.9191408864738,,17.31984541480557
2025-05-28 09:32:03.423923,138.26987763833313,6698848,0.002718451794197385,137.929011887448,138.58582446033697,137.63814535290976,140.3907888824614,150.07942538812972,,18.90483950576072
2025-05-29 09:32:03.423923,135.1560577548985,40293284,-0.022519871548446035,135.83069813741722,136.2408782344632,134.61858141796807,138.8038211110974,148.8352629386314,,15.4747247934543
2025-05-30 09:32:03.423923,136.23919304509454,34843222,0.008013960366913375,135.9476124227259,136.5813498407658,135.4411636906371,137.3805206226899,147.51843654894867,,21.20792683666582
2025-06-02 09:32:03.423923,134.67070203309308,6084921,-0.011512773798376008,135.5572775668275,135.92318775799006,134.6337466318738,136.44616943084802,146.1954463523536,,23.942024311833634
2025-06-03 09:32:03.423923,133.9523853428431,28810313,-0.005333874995865684,134.13745789439787,134.4636516757119,133.64754743142146,135.65764316285248,144.74508908425756,,24.708308447344393
2025-06-04 09:32:03.423923,132.40736081582074,44351876,-0.01153413224458788,131.25147588239446,132.67810419427002,130.9086243365878,134.48513979835,143.28892493128373,,25.998559667394602
2025-06-05 09:32:03.423923,137.3786698143796,47787763,0.037545563690178696,136.10605390015408,137.90887041312098,135.66742039429786,134.92966221024622,142.15251758910705,,35.704551921286
2025-06-06 09:32:03.423923,137.41027453367312,4693305,0.00023005550524124452,136.40402491616257,137.41865867126,135.9605976988149,135.16387850796193,140.97494800342687,,39.084791309461515
2025-06-09 09:32:03.423923,134.57217268843803,14470137,-0.020654218579117978,133.26324828178744,134.97484136109165,133.02024458127687,135.14417263903093,139.95941406000685,,40.75784586830324
2025-06-10 09:32:03.423923,136.85329189389319,5466271,0.01695089824206386,135.69102168461956,137.2402502885163,135.31062737817155,135.7243539492409,139.32122419817154,,36.276659670425246
2025-06-11 09:32:03.423923,133.58018909211432,35907127,-0.02391687299942047,134.0923740006244,134.57254476232694,133.2588874050698,135.95891960449967,138.59976659239848,,32.72311095926645
2025-06-12 09:32:03.423923,134.20497995696428,11495300,0.004677271900095148,134.29716878000278,134.6994085185312,133.6111240234685,135.3241816330166,138.05575676321297,,33.59166756061401
2025-06-13 09:32:03.423923,129.01213265299182,29709379,-0.03869340247759545,129.6569630282324,130.19296415347756,128.67007947482807,133.64455325688033,137.2028848096883,,32.22829336149789
2025-06-16 09:32:03.423923,125.64959642475158,28814927,-0.026063720977968607,126.6878786253056,127.29539438113719,125.37251885908162,131.86003800414304,136.31086899328454,,30.235972090040036
2025-06-17 09:32:03.423923,126.20713191973663,35654999,0.004437224717382504,126.42206148491871,126.63857459842421,125.95188717719856,129.73080600931172,135.6457940386963,,30.644938783496414
2025-06-18 09:32:03.423923,128.13423046729244,28451727,0.015269331599908176,128.71370687424766,128.86002281318414,127.76749251502682,128.64161428434733,134.86911564241458,,38.287199135506384
2025-06-19 09:32:03.423923,128.63746043926167,8706358,0.0039273656237994725,129.29886589840996,129.57271886795542,128.12035265485287,127.52811038080684,134.14644383379175,,37.06973189004157
2025-06-20 09:32:03.423923,128.4042451424696,29997889,-0.001812965647764786,128.0905549821734,128.58910206775823,127.74573425364287,127.4065328787024,133.39887131655865,,38.83375926865205
2025-06-23 09:32:03.423923,127.6951874102058,47756336,-0.00552207391178583,127.03394299302555,128.08781835571196,126.61367966406443,127.81565107579323,132.8165077874538,,38.84657755006894
2025-06-24 09:32:03.423923,123.98303215090932,34603547,-0.02907043980734858,123.25164466053259,124.54830328352162,122.79693497656515,127.37083112202777,132.12090856085823,,36.06060773252337
2025-06-25 09:32:03.423923,122.26005431432384,33859007,-0.013896884167894141,121.65228109741338,122.34509608158349,121.33588291180898,126.19599589143404,131.32041739465777,,21.9707695107345
2025-06-26 09:32:03.423923,121.19482991834445,49978079,-0.008712775419195795,120.64880308743533,121.25590884219045,120.39132825232177,124.7074697872506,130.62235600283006,,21.046943553764947
2025-06-27 09:32:03.423923,123.8177823014937,12726298,0.021642444524378357,123.09277383711336,123.97627867843798,122.5532179716731,123.79017721905544,130.00128546565003,,30.64910928497285
2025-06-30 09:32:03.423923,124.73061228409641,18498963,0.007372365791369129,125.67412619275999,126.13038333431405,124.47023333663074,123.19726219383355,129.50428097820017,,27.057372800649887
2025-07-01 09:32:03.423923,120.39487602904161,23734731,-0.03476080310725471,121.01370360219055,121.37248678851098,120.11679826790386,122.47963096946,128.82640551251012,140.73236333241758,26.011165345731328
2025-07-02 09:32:03.423923,121.23543445342185,47673570,0.006981679387895845,120.13679038182761,121.29739343719177,119.54190824799059,122.2747069972796,128.26780919439017,140.15707202148604,26.587539674479075
2025-07-03 09:32:03.423923,120.36233981931682,12438459,-0.007201645608326368,119.80547739275623,120.91525463216443,119.80533510962923,122.10820897747408,127.41699269463705,139.57111467594265,31.500303851890195
2025-07-04 09:32:03.423923,118.79300267258652,16033888,-0.0130384400061192,117.65778048824659,119.26228530463378,117.54866883383912,121.10325305169265,126.48612910158269,138.9135007050952,34.11722797224394
2025-07-07 09:32:03.423923,120.30565643422344,23024096,0.0127335257768173,120.30124166572344,120.31950518213246,120.07028500216272,120.21826188171804,125.77280328887198,138.19222164231545,36.90895376945164
2025-07-08 09:32:03.423923,122.84651074918548,35958762,0.02111999044991908,122.788062091333,123.24660169461715,122.2155075528117,120.70858882574683,125.07246423163659,137.5348417584535,38.581351564181496
2025-07-09 09:32:03.423923,125.19602426783031,18028708,0.01912560238232408,126.02575213006095,126.51173683745097,125.15218706412917,121.5007067886285,124.6532559904224,136.9374784917058,43.11717196663212
2025-07-10 09:32:03.423923,123.15728833189682,5035851,-0.016284350464452757,122.68381565378742,123.3878605558484,122.67799710783405,122.05969649114452,124.100871409169,136.19983812344645,40.21297631501323
2025-07-11 09:32:03.423923,122.45723182149278,48685442,-0.005684247517024343,123.23210624793278,123.27457298024314,122.42497423791524,122.79254232092576,123.77312636759407,135.3974683431013,40.22648417929331
2025-07-14 09:32:03.423923,123.3297724936709,35045504,0.0071252686280711686,124.4840744541649,124.5322006605308,123.27517230023695,123.39736553281526,123.65713517104,134.64145367367485,48.636603364856825
2025-07-15 09:32:03.423923,125.79771255162392,35641312,0.020010902542447084,124.76216647151071,125.86328270097273,124.73871319712296,123.98760589330296,123.63666420263436,133.89821731061204,57.1606635661661
2025-07-16 09:32:03.423923,124.65503094720762,47642343,-0.00908348475690579,125.38256218340831,125.90944455549923,124.35599516647167,123.87940722917843,123.46270422663015,133.16070505205025,56.98198731861225
2025-07-17 09:32:03.423923,124.25449195304812,16287338,-0.003213179533276378,124.47804043898847,125.04484260605697,123.8936834943876,124.09884795340868,123.24355580231948,132.44365855795294,50.968010509457216
2025-07-18 09:32:03.423923,121.56727739652449,36610155,-0.021626699480120526,121.51876224727161,121.64192625844412,121.35368692505654,123.92085706841502,122.9017074150222,131.6557707809379,43.49949539138281
2025-07-21 09:32:03.423923,118.71966938535924,36803420,-0.023424132481613458,118.5309900636623,118.85970281752493,118.29494307389982,122.99883644675268,122.45293151377989,130.9325071375083,46.33326931789144
2025-07-22 09:32:03.423923,120.70828516008606,30469068,0.016750516447884056,121.39552151969039,121.49598876308161,120.65294081262796,121.98095096844511,122.28919416423871,130.35433105809804,48.90137796860932
2025-07-23 09:32:03.423923,124.0428274649511,31185054,0.027624800571416364,124.38856300011986,124.5044439324058,123.83420574790624,121.85851027199381,122.37833282177007,129.87500078324558,56.95669840499632
2025-07-24 09:32:03.423923,123.92620209694519,10702701,-0.0009402024316066404,124.68226263925719,125.20436387181903,123.60243300223502,121.7928523007732,122.51490143070012,129.45182129437097,60.266349001250305
2025-07-25 09:32:03.423923,126.47544561229566,12153281,0.02057065795784041,127.49521980819958,127.7069552076493,126.01237359668066,122.77448594392744,122.64778459624021,129.0599387721472,61.848249852037256
2025-07-28 09:32:03.423923,127.453444883449,34127676,0.00773272050095275,127.75235816478141,127.95129686062504,127.45131235659797,124.52124104354542,122.78392622620784,128.73920941475964,59.4119498706916
2025-07-29 09:32:03.423923,125.87271690415496,3976242,-0.012402395092102503,127.082259875726,127.22674962266052,125.57860852504167,125.55412739235919,123.05781826996352,128.4664911326127,51.42731622486077
2025-07-30 09:32:03.423923,126.84545019745836,39134513,0.007727912110168322,127.11965923617866,127.5060358771322,126.65708287958905,126.11465193886063,123.33831905716534,128.13004416870336,58.145569154290186
2025-07-31 09:32:03.423923,130.81073173642767,48810594,0.03126073132931939,131.16822261040844,131.41698688182458,130.25294050374612,127.49155786675712,123.86073865302087,127.88444087119751,66.12377518586935
2025-08-01 09:32:03.423923,130.78240849447207,37203222,-0.0002165207821990256,130.9257868406369,131.41299419700417,130.31449956460938,128.3529504431924,124.46020894411518,127.63297513134432,64.86954019208676
2025-08-04 09:32:03.423923,134.94035701357834,38317456,0.03179287311628021,133.83655053655153,135.0790620772633,133.44232926582538,129.85033286921828,125.1919439730829,127.54493311176984,67.08900142366699
2025-08-05 09:32:03.423923,127.93764039947624,28812615,-0.051894902081794925,128.5169344424905,129.02315614990238,127.76027683710483,130.26331756828253,125.44650045559744,127.34578558610293,55.033114804045965
2025-08-06 09:32:03.423923,130.10465456063972,45653148,0.016938050087504486,130.22811426802545,130.62122185112656,129.51245778860851,130.9151584409188,125.6919319702379,127.18248112454908,58.50893282522182
2025-08-07 09:32:03.423923,130.3962114627929,5833177,0.0022409413647634935,130.26818962920603,130.4707115778996,130.2388137113433,130.83225438619186,126.0538781267827,127.08728419870698,63.80343265989414
2025-08-08 09:32:03.423923,129.68162105451879,42827273,-0.0054801470093172044,130.7462326701119,131.0172072341575,129.6106413762705,130.6120968982012,126.41509758843401,126.95613275889545,68.36300833680944
2025-08-11 09:32:03.423923,129.98445559005296,33843353,0.002335215530710144,129.45921297608425,130.5456752670515,129.20571232722392,129.62091661349612,126.74783174325312,126.86240783003464,66.46922286970435
2025-08-12 09:32:03.423923,124.88238655160579,9454561,-0.03925137829201786,124.94133672274188,125.51791614825605,124.80468625594638,129.00986584392203,126.70206544325222,126.68100785420991,51.40255345967831
2025-08-13 09:32:03.423923,124.3961647526527,46932658,-0.0038934377567502176,124.88788256881915,125.17868407976134,123.80129252922457,127.86816788232463,126.68912213352446,126.52078393294654,50.77553485303516
2025-08-14 09:32:03.423923,125.3468315206494,3597480,0.007642251430235003,126.09006747496983,126.3932113100284,124.84670435505949,126.85829189389592,126.74373911190453,126.28014716707193,48.033820223800866
2025-08-15 09:32:03.423923,129.11449165304145,38752003,0.030057880894830413,129.00951332851938,129.70742072762582,128.84245719930098,126.74486601360044,127.1210998247304,126.1142315094593,52.63739056081801
2025-08-18 09:32:03.423923,127.84072498344173,24151417,-0.009865404365472896,128.7153892735738,129.09321284857324,127.46451898682169,126.31611989227822,127.57715260463449,125.97960255535938,53.15553966680746
2025-08-19 09:32:03.423923,125.83747717916665,40673332,-0.015669872057863743,126.51427578188365,126.53505364537214,125.21940721029772,126.50713801779038,127.83361220558854,125.75928626106484,48.43549977383585
2025-08-20 09:32:03.423923,124.63759910732513,20699313,-0.009535140871690717,123.55633298133152,125.2064136155239,123.01009106451268,126.55542488872489,127.86335078770723,125.58043446136908,39.518763693763766
2025-08-21 09:32:03.423923,126.98178835024176,17934380,0.018808042354041543,125.82844137922069,127.13938953832736,125.4504537187263,126.88241625464335,128.01613010037207,125.43597062923462,44.01747734811479
2025-08-22 09:32:03.423923,127.88018732095114,11617244,0.00707502219319367,128.18916039201778,128.55939116807076,127.30234536990712,126.6355553882253,128.08636718580482,125.4133317225938,37.615827967931835
2025-08-25 09:32:03.423923,126.58921073275333,35086263,-0.010095204075340813,126.20289440833042,126.69397173384816,125.57870441471297,126.3852525380876,128.04315547827008,125.43212400875383,47.042018468565836
2025-08-26 09:32:03.423923,127.95198772317264,3989475,0.010765348662267193,127.20764185419323,127.97366225265236,126.73484105586346,126.80815464688881,128.14711901922092,125.46702112482255,45.10509096314172
2025-08-27 09:32:03.423923,128.26438902508175,29372244,0.002441550986960861,128.46871402869985,128.6687868174492,128.22271181454548,127.53351263044013,128.2180659606021,125.46962429597833,45.157079520712486
2025-08-28 09:32:03.423923,130.81337437745245,4369720,0.019872899810657874,130.39886135613827,131.32387076340854,130.1370333282732,128.29982983588224,128.21819809265335,125.51314257474216,52.373238226390264
2025-08-29 09:32:03.423923,129.04202238059665,5711075,-0.013541061877547,129.13819331366855,129.3174288434706,128.50144874417936,128.53219684781135,128.13117878695957,125.5258981195047,48.13841020932052
2025-09-01 09:32:03.423923,128.26089967069606,24899529,-0.006053242931955416,128.15859661972826,128.40204900416134,128.0108494969377,128.8665346353999,127.79720591981545,125.5372123647145,58.047280753664644
2025-09-02 09:32:03.423923,127.3191872307525,7854500,-0.007342163062643126,127.53503426503575,127.67065552062812,126.79040357955593,128.7399745369159,127.76628326137927,125.60393546631136,56.8144823836373
2025-09-03 09:32:03.423923,123.65617615044312,3640328,-0.028770298962642382,123.40960694433466,123.97469818854196,123.33535214772013,127.81833196198815,127.44385934086945,125.63185790303376,46.501051728808314
2025-09-04 09:32:03.423923,124.45034626136665,26856919,0.006422405541291587,124.94234222119121,125.55177430576595,124.4211344316046,126.545726338771,127.14656608079812,125.69696822989421,38.992382373589834
2025-09-05 09:32:03.423923,125.16233981482017,43776767,0.005721105443597718,124.36146923929819,125.4495804932674,124.12263887546783,125.7697898256157,126.9206020188132,125.72385938016072,43.506698288975294
2025-09-08 09:32:03.423923,125.23772122868581,27328752,0.0006022691328491092,125.72990914565332,126.08025891263797,125.21472010798769,125.16515413721365,126.68326530074482,125.73400155905252,48.39606138059299
2025-09-09 09:32:03.423923,124.7127569290307,28348975,-0.004191742667502885,124.49241745900599,125.24941588729344,123.89655301300392,124.64386807686928,126.6747838196161,125.82035917705231,50.208523398166186
2025-09-10 09:32:03.423923,121.24481756113933,12552291,-0.027807414841008238,122.15249895534924,122.47929947176465,120.74395176686676,124.16159635900854,126.51721646004043,125.82054683920664,35.017197701182795
2025-09-11 09:32:03.423923,120.28541866158724,1070640,-0.007912906455307178,120.32207216634909,120.43304694098344,119.80381407624762,123.32861083905266,126.2641458170873,125.81900841605206,30.228326910544595
2025-09-12 09:32:03.423923,119.52109018888152,47333926,-0.0063542903305353615,120.65202348336962,120.83275774827946,119.14473146921458,122.20036091386491,125.78447574387931,125.83357016637795,31.080579862980997
2025-09-15 09:32:03.423923,117.66306965695341,11389599,-0.015545545384432424,117.90295028787432,118.08566267792543,117.5358029139983,120.68543059951844,125.27559297755491,125.78071843083256,23.170703276479912
2025-09-16 09:32:03.423923,117.34235375325332,34249942,-0.002725714233320131,116.69426974129908,117.57546496753633,116.39187966617328,119.21134996436297,124.85083680625924,125.6706352909139,21.53213642867533
2025-09-17 09:32:03.423923,118.34927050162268,39149309,0.00858101713629078,119.11094424411856,119.36512039165642,117.99583574781437,118.63224055245965,124.5364203759741,125.53370021558976,14.672965179318467
2025-09-18 09:32:03.423923,122.87301964564774,19132747,0.03822371802421065,122.4923163393471,123.3643778062006,122.1707547158896,119.14976074927173,124.33098194074441,125.52801484186477,34.87502017711279
2025-09-19 09:32:03.423923,123.36347421598619,31575984,0.00399155625663683,122.98750975388265,123.5789821862293,122.82748248448652,119.91823755469268,124.10514628549618,125.54613968975465,37.81902012846214
2025-09-22 09:32:03.423923,124.0606021727991,35229942,0.005651007814455378,122.89891030981038,124.35104778576364,122.58229326762202,121.1977440578618,123.97871585749844,125.56075628333721,41.79535495721998
2025-09-23 09:32:03.423923,123.93791637110037,4741196,-0.0009889183153233283,124.05866984947116,124.44633829767822,123.63353331291437,122.51685658143121,123.77801228989486,125.52356035972673,50.863288596048974
2025-09-24 09:32:03.423923,119.24371520094579,24767318,-0.03787542430598079,119.3258109304518,119.55117320539067,118.64968130347172,122.69574552129583,123.32697859868804,125.4153340448015,37.123695416671886
2025-09-25 09:32:03.423923,119.24010479828746,20511512,-3.0277508984322132e-05,118.89667298814238,119.73886517832514,118.36316212703245,121.96916255182377,122.7483151197298,125.3150463017063,34.82217219704505
2025-09-26 09:32:03.423923,119.4433619815944,17583522,0.0017046041988204585,120.38509468622384,120.73869797507125,119.1666232093723,121.18514010494542,122.26838209977966,125.2725679934077,35.24660096162175
2025-09-29 09:32:03.423923,125.38744204838295,41260456,0.049764842249705676,124.45643627451149,125.57178959926021,124.06879344100011,121.45050808006219,122.12470921866402,125.40592344666817,51.3463282788941
2025-09-30 09:32:03.423923,124.96774278292986,12720477,-0.003347219295622428,124.54310117654283,125.41391461498547,124.07738993226523,121.6564733624281,122.0071369962729,125.49111259912505,58.45802341975715
2025-10-01 09:32:03.423923,125.7839004685938,14217648,0.006530946846672325,125.33506015320641,126.11574841644887,125.31321101843062,122.96451041595769,122.11352321218041,125.5259340591979,62.5737035762116
2025-10-02 09:32:03.423923,125.75946878311423,23558781,-0.00019423539410490243,124.73400239723928,126.09553322797683,124.175866731262,124.26838321292306,122.1789793382678,125.56259939292127,64.76531755450821
2025-10-03 09:32:03.423923,122.88290193371529,33425301,-0.022873560752390665,122.8365637598517,123.1784893496313,122.30828864721931,124.95629120334722,122.06500744421255,125.49074851934967,61.78629365887978
2025-10-06 09:32:03.423923,125.75301106155537,4264908,0.023356456290300365,126.22530093367887,126.53897834771684,125.46539374329913,125.0294050059817,122.09077193585604,125.45673984291179,67.03041565543873
2025-10-07 09:32:03.423923,127.70704442662633,22037754,0.015538660653735548,127.73681808156556,128.22563896177627,127.45726875315043,125.577265334721,122.2404863107358,125.49342639336122,68.24827217320303
2025-10-08 09:32:03.423923,129.7913049889178,27778642,0.016320638940861,128.90087870490603,129.8581354918783,128.72495518855743,126.3787462387858,122.66781068212474,125.5523434891904,64.90966348314237
2025-10-09 09:32:03.423923,127.49558895144507,29391011,-0.017687749095894767,127.18267898876367,127.70873786920252,126.87955380856906,126.72597027245197,123.02831919661764,125.48604063349076,58.26226729477208
2025-10-10 09:32:03.423923,131.1363384829315,47547339,0.02855588621872207,129.83178113802109,131.18584465629343,129.80297363168367,128.3766575822952,123.60908161132014,125.49311923325993,62.658046549642734
2025-10-13 09:32:03.423923,127.52523434271325,24263676,-0.027537021255845673,128.4645880423811,128.9484153695951,126.98185344248614,128.73110223852677,124.10218984560814,125.34481677984265,55.70538931822906
2025-10-14 09:32:03.423923,129.08577872813586,15573458,0.012237141876005442,128.01311981589916,129.2615302129643,127.99044717643653,129.0068490988287,124.68936109435224,125.36777954641582,67.38615064211743
2025-10-15 09:32:03.423923,134.80545502204208,48911176,0.04430911251619962,135.06772734488436,135.67379677440647,134.58366542687054,130.00967910545356,125.5121703203732,125.46179555564387,72.876504313459
2025-10-16 09:32:03.423923,132.202263749051,30264326,-0.019310726502613895,133.48794926139914,133.83940865959696,131.58647255284805,130.95101406497474,125.97863252554336,125.49791660136903,67.51618557037665
2025-10-17 09:32:03.423923,130.77104804473686,16787803,-0.010825954592055376,130.8667479872248,131.39070557995433,130.29032539789793,130.87795597733583,126.34901121698093,125.5197051411734,58.436282121714406
2025-10-20 09:32:03.423923,131.0970638377912,22023454,0.002493027301752715,132.20887642906314,132.85599355508253,130.91261619418017,131.5923218763514,126.70083430023053,125.54195730612817,59.63312519359249
2025-10-21 09:32:03.423923,129.8425287703412,47977874,-0.00956951308232401,129.1572628375268,130.38773031606624,128.99410551035496,131.74367188479246,126.99606492019257,125.64116015050287,56.2920275467715
2025-10-22 09:32:03.423923,125.88060881149997,38154297,-0.030513268621322642,126.53507571431808,127.08360131965257,125.87741009722818,129.95870264268405,127.32790960072028,125.67084903167982,50.16736838882622
2025-10-23 09:32:03.423923,126.11616409611592,30365614,0.0018712594961205475,126.19502643529022,126.45245450617898,125.67746000651066,128.74148271209702,127.67171256561168,125.68623568318915,54.81876979374045
2025-10-24 09:32:03.423923,123.49974878856008,23159503,-0.02074607427452213,124.04442235227386,124.38661290541206,123.46962498815186,127.28722286086168,127.87453190596,125.57394082589954,46.61620839876663
2025-10-27 09:32:03.423923,124.73126958718653,48010676,0.009971848612703615,123.6394752371911,124.88960880182047,123.31022175714752,126.01406401074073,127.84172328290018,125.51175171797442,45.432063649538875
2025-10-28 09:32:03.423923,122.50001618147594,38327243,-0.017888484684676076,121.63697684264417,122.6201354709052,121.05182880214429,124.54556149296768,127.71833695282746,125.4450024980206,38.85785510344046
2025-10-29 09:32:03.423923,126.35860598346417,3317336,0.031498688100350725,125.43142931421181,126.67798233805165,125.36277513630168,124.64116092736053,127.747072228571,125.47942263554337,48.341734061676114
2025-10-30 09:32:03.423923,124.44236940342459,30326259,-0.015165065846724723,124.90819578268419,125.27982825496773,123.8858133934572,124.30640198882227,127.68121725958652,125.42863425660705,39.71986057506563
2025-10-31 09:32:03.423923,123.70302862472043,3763642,-0.005941230324113533,124.55519571244675,124.76648569460778,123.08978611589967,124.34705795605433,127.72222359413676,125.34509108268243,43.56227788407105
2025-11-03 09:32:03.423923,125.77757101157246,42244116,0.01677034434739344,126.40549347851449,126.76539742286967,125.73888370089132,124.55631824093152,127.72345159163763,125.32885828825881,44.52283643608566
2025-11-04 09:32:03.423923,122.7441573177606,11198499,-0.024117286328679155,121.59152131876185,123.28881026315526,121.05475173653038,124.60514646818845,127.47530723619434,125.22470168015057,28.08132382844566
2025-11-05 09:32:03.423923,123.36391695635022,38342772,0.005049198692082646,124.26993852495883,124.61585731054156,123.04558930924561,124.00620866276567,127.15393783456594,125.12669223877595,32.69048566459192
2025-11-06 09:32:03.423923,126.65068391861625,45362902,0.026642855085648565,126.28123544069909,127.10714127674237,125.70885707852206,124.44787156580398,127.1116925829245,125.04343842959923,42.477206658990184
2025-11-07 09:32:03.423923,122.64223223967778,1197775,-0.031649664691224544,122.38999109694433,123.13606036594177,122.04037249586906,124.23571228879545,126.68698727076182,124.91544262678084,36.393154385073984
2025-11-10 09:32:03.423923,123.15643152694614,36940920,0.004192677170645975,122.18317345822359,123.76527306961421,121.77867872532546,123.7114843918702,126.46854712997347,124.81335326390585,38.9770099657231
2025-11-11 09:32:03.423923,123.85813449380734,18564710,0.0056976558849684,124.44622581272532,124.82155401333013,123.52137728819916,123.93427982707956,126.20716491825706,124.74413220916695,46.26405145532204
2025-11-12 09:32:03.423923,125.85676600911283,39887092,0.01613645743554626,125.05703153783335,126.36450376112485,124.51647697084921,124.43284963763207,125.75973046761058,124.78814400634033,49.55013758922978
2025-11-13 09:32:03.423923,122.80612206844161,44144233,-0.024239014217561694,122.9632281664133,123.55508050542183,122.35547891297027,123.66393726759713,125.28992338358012,124.75525952248182,48.81492319560587
2025-11-14 09:32:03.423923,119.62432200922565,24614649,-0.025909132261685563,120.43946603047405,121.00818704578661,119.31254495205116,123.06035522150671,124.73258708180454,124.64449916636995,41.81980915010584
2025-11-17 09:32:03.423923,120.93287228853737,46886374,0.010938831312337971,119.9392982794864,121.01817945453969,119.41866529132791,122.61564337382497,124.22437750434185,124.55840218756697,47.41332476712473
2025-11-18 09:32:03.423923,121.71164291587688,12398366,0.006439693464663776,121.79765790687065,122.04514606356605,121.56237239030541,122.18634505823886,123.81783321161863,124.4983799073039,41.461809713686925
2025-11-19 09:32:03.423923,122.38225666442038,39638201,0.00550985700691764,121.72926511250904,122.58050983849586,121.63350029811951,121.49144318930038,123.64291560426466,124.52112868936952,46.03323861324564
2025-11-20 09:32:03.423923,123.29143006666433,18310852,0.007428964189939435,122.90411463610056,123.34501561367331,122.80554547143491,121.58850478894492,123.50167890279208,124.58124891747106,49.21261384215219
2025-11-21 09:32:03.423923,121.67625137361571,12426978,-0.013100494431569798,121.61290657462041,122.06150319215615,121.40980762179072,121.99889066182293,123.41050403204486,124.62435214116574,42.01383576610966
2025-11-24 09:32:03.423923,122.3022846840668,31773482,0.005145073943220169,121.9478631890702,122.75229876158389,121.80232449266175,122.27277314092882,123.28905478688887,124.717136441708,49.050564265752605
2025-11-25 09:32:03.423923,123.08030448765761,12624266,0.006361449465973612,123.44664769761371,123.97014054863146,122.50792546994876,122.54650545528497,123.31806920219795,124.83189545639611,49.39472857936377
2025-11-26 09:32:03.423923,121.38339283906393,34036945,-0.013787028360527365,121.3338249637897,121.45790821621135,121.2696186867107,122.34673269021368,123.06930854497793,124.89257790314493,37.94045508319332
2025-11-27 09:32:03.423923,125.97356534419139,11164811,0.0378154902228951,126.18570352998313,126.73867709157817,125.53329356712432,122.88315974571908,123.14586834201627,124.9545888171158,57.429244881686586
2025-11-28 09:32:03.423923,127.23036057535768,3276360,0.009976658418235695,127.83298075409455,128.24391621009363,127.10998695168033,123.99398158606748,123.32223493954814,125.03192654430322,58.79404534689497
2025-12-01 09:32:03.423923,124.2625762855698,38962681,-0.023326069944052952,124.40608034012115,124.84395623733694,123.71480377823448,124.38603990636807,123.24648520324801,125.03596602655864,50.795234839015
2025-12-02 09:32:03.423923,125.95640843128115,38980651,0.013631072172676673,126.17440228231933,126.74888947907249,125.35098932593188,124.96126069509278,123.40709775892404,125.07633586776227,50.19829906253709
2025-12-03 09:32:03.423923,123.56403858458407,33185232,-0.018993633404546406,123.72333374129154,124.10982147752114,123.27646181396597,125.39738984419682,123.41710384033574,125.16274233543503,51.54891756508582
2025-12-04 09:32:03.423923,125.57092765079963,32665404,0.016241692074848935,125.26647497448029,125.7818025870423,124.71588404658641,125.31686230551847,123.36311602694491,125.28935879248527,62.76583549261014
2025-12-05 09:32:03.423923,128.54343154718651,45477669,0.02367191158014803,128.12552871152724,129.07374218606557,128.12223257291095,125.57947649988424,123.65817599232034,125.4713601837971,65.24853647468404
2025-12-08 09:32:03.423923,126.49783683473952,26691654,-0.015913646367034184,127.50892745944907,127.74039391320541,125.97922927788233,126.02652860971818,123.82524625771,125.49356807952425,59.126339004519906
2025-12-09 09:32:03.423923,128.9983856813095,19109613,0.019767522584886343,129.2758746822588,129.29799902708405,128.85092429749525,126.63492405972383,124.0822588170851,125.57418093749183,61.79269649725305
2025-12-10 09:32:03.423923,130.12784633844697,17434343,0.008755618538729859,129.4625108723949,130.66830274840027,128.87429710673968,127.94768561049644,124.29581283355182,125.6610598548889,62.09039576958593
2025-12-11 09:32:03.423923,132.33236862523066,45079273,0.016941203199889898,132.32773089934673,132.56076909604548,132.32698979029416,129.29997380538265,124.77212516139127,125.79251785173123,68.46082159964054
2025-12-12 09:32:03.423923,137.41867697326953,26884040,0.03843585965307894,136.95241122829188,137.95037355514236,136.57155907981775,131.07502289059923,125.66184290959347,126.08323335252231,72.68249558516233
2025-12-15 09:32:03.423923,136.8129681068346,41201137,-0.004407762320057462,137.9996614198797,138.24996375308612,136.295380156376,133.13804914501824,126.45584770050831,126.30443249342788,70.7132899039719
2025-12-16 09:32:03.423923,134.81895695458383,6462810,-0.014574723287149927,133.49108288461906,135.39939841618352,133.31841995764668,134.30216339967313,127.11121340244367,126.44667074398703,70.08515595363605
2025-12-17 09:32:03.423923,132.4878982810978,14388409,-0.017290288592510583,131.7600966739415,132.6333107216906,131.6328606493968,134.77417378820329,127.61649548327755,126.50060260983064,60.44385783912715
2025-12-18 09:32:03.423923,130.39244242921487,26683137,-0.01581620569930886,130.04131336643212,131.02781042007484,129.98663214862412,134.3861885490001,127.97154610140508,126.55853967938604,54.93673429622621
2025-12-19 09:32:03.423923,130.25656904631003,14846020,-0.0010420341882819706,130.22481197585714,130.76441255974825,130.0122632202434,132.95376696360822,128.40056198503981,126.54094429065363,60.2657472119405
2025-12-22 09:32:03.423923,131.21044304609296,29830884,0.007323039496332839,132.1310614849652,132.20653337703368,130.8431559448186,131.8332619514599,128.8459699031411,126.61464846472121,59.23244790584078
2025-12-23 09:32:03.423923,132.0021427149534,10726290,0.006033815986600466,130.9141483829524,132.37556134562146,130.83832038367348,131.26989910353382,129.2920618145059,126.67297574445756,65.71136197096831
2025-12-24 09:32:03.423923,134.25194301212431,14659783,0.017043664980720408,135.07320211900796,135.73868570964743,133.99908259077242,131.62270804973912,129.93548932315892,126.6619055042592,66.01874925957117
2025-12-25 09:32:03.423923,134.3539795685792,17164204,0.0007600378375580696,133.15998512833315,134.67042715961264,133.15394472198997,132.415015477612,130.3545100343783,126.70493982064976,61.99240324908775
2025-12-26 09:32:03.423923,138.32691831245603,49392000,0.029570681543146238,139.273943224414,139.400757120979,137.76069130583818,134.02908533084118,130.90933792123323,126.85605722600415,72.61489503162541
2025-12-29 09:32:03.423923,137.66389848856946,24020885,-0.004793136664759112,136.42942632737427,137.99758088819365,136.34180540276458,135.3197764193365,131.5794040313832,126.98739391901972,67.81871067604652
2025-12-30 09:32:03.423923,145.22211227823635,2286643,0.054903383331792455,143.82287538917845,145.594213194438,143.61911940147445,137.9637703319931,132.54268922373097,127.29498558917763,74.54789541694362
2025-12-31 09:32:03.423923,147.1119380108946,10922192,0.013013346955300209,147.69144565973826,148.2391497448387,147.0983833238111,140.53576933174713,133.72008419504647,127.7196121731655,74.28467702389739
2026-01-01 09:32:03.423923,144.6635317937984,42869822,-0.016643151128325595,146.10222663107058,146.61274130716407,144.35088440188235,142.59767977679095,134.67471440219643,128.09055952711915,63.03410146183034
2026-01-02 09:32:03.423923,141.63748174087522,7200646,-0.020917849961222257,142.76097931847974,143.04832151072276,141.0425182708521,143.2597924624748,135.32941691188086,128.45331418616547,57.98436297782664
2026-01-05 09:32:03.423923,143.07502403983528,7983896,0.01014944830486364,143.29249354892596,143.44869892254653,142.79448881981142,144.342017572728,136.15827627213565,128.82018927521844,63.91982083148352
2026-01-06 09:32:03.423923,142.50712268420511,15509187,-0.003969255706516961,143.6967596410417,144.1602206095487,142.37922444875187,143.79901965392173,136.83371312228044,129.22033140527301,67.96033864759299
2026-01-07 09:32:03.423923,144.6133793657105,28780899,0.014780009881841805,143.18257460876976,144.91829952104834,142.64299191107486,143.29930792488489,137.5579897736436,129.58542687291796,75.48240942568557
2026-01-08 09:32:03.423923,146.054415898045,6409861,0.009964752491470996,147.4421290379709,147.53964446891786,145.47837218307785,143.57748474573424,138.24409213728433,130.01766780281037,77.04314124057373
2026-01-09 09:32:03.423923,145.91470342002222,22716219,-0.0009565782531375522,145.88770563740766,146.5717371212382,145.76096315811193,144.4329290815636,138.66889345962196,130.4619012987164,75.89285130348695
2026-01-12 09:32:03.423923,143.51646768713445,24088542,-0.016435874361368064,144.1562528961026,144.65447266066704,142.96331639333488,144.52121781102343,139.00406843863695,130.81667923222764,69.18991712086232
2026-01-13 09:32:03.423923,139.24011546552654,13831595,-0.02979694449371728,140.1336512369328,140.61233647828195,138.58060612882124,143.86781636728773,139.2251263641841,131.14659839518296,57.78732036316636
2026-01-14 09:32:03.423923,138.06627965360138,9415398,-0.008430299041340406,138.66951130655505,139.23984782696166,137.95142398137398,142.55839642486592,139.50404543280928,131.440645649128,55.6078179957772
2026-01-15 09:32:03.423923,140.5001087020696,11080346,0.01762797588646947,140.59856199528713,140.9709103471017,139.95849181752786,141.44753498567084,140.009428746452,131.71763414479702,53.44292679621157
2026-01-16 09:32:03.423923,141.17196264287517,1448345,0.004781874882604065,141.10594917660563,141.74727680946688,140.6060305502585,140.49898683024145,140.55519842628024,132.08822875286097,55.55617597581032
2026-01-19 09:32:03.423923,137.7252808575744,10137682,-0.024414775574239878,138.6579084173903,139.00322952780968,137.3991653736167,139.34074946432943,140.88094031685435,132.37960573947356,36.34830922337251
2026-01-20 09:32:03.423923,138.27117133104375,8827494,0.003963618517023537,137.45558590684487,138.31761343719862,137.41577845263436,139.14696063743287,141.19439174765884,132.66786647621828,33.07247586879147
2026-01-21 09:32:03.423923,139.4058726252956,36433922,0.008206347594576835,140.71069504978524,140.99580875045513,139.35380842285673,139.4148792317717,141.45208822831742,132.93884860854192,39.39982929274625
2026-01-22 09:32:03.423923,137.01127721820873,16814828,-0.01717714872402265,137.5893345893641,137.93156390808542,136.42732511232708,138.71711293499953,141.5849531107989,133.2229517115373,40.429238746940115
2026-01-23 09:32:03.423923,137.50102431893987,49763532,0.0035745021189106385,136.67466221310534,137.99616728239778,135.99802124117258,137.98292527021246,141.5436584111231,133.58048575773157,37.99774219404258
2026-01-26 09:32:03.423923,137.7298499993117,39538877,0.0016641743689200794,138.38061578278277,138.45435793430553,137.26428711944158,137.98383909855994,141.54695598666018,133.91642531194705,39.56086495374901
2026-01-27 09:32:03.423923,134.65029237083377,41494137,-0.022359405956612455,134.73065172774756,134.82497567258602,134.35005028871305,137.25966330651792,141.01836499129007,134.17519830104618,29.11727625637708
2026-01-28 09:32:03.423923,135.6811409705689,29341907,0.007655747206965602,136.24348528697845,136.42311128840177,135.2418233165727,136.5147169755726,140.44682513927378,134.44117598716915,27.877112015294898
2026-01-29 09:32:03.423923,137.27073922857983,41557019,0.011715690527364764,138.00590503084624,138.18979679067832,136.8627734336263,136.5666093776468,140.07718551101286,134.72076217040748,32.63884433414027
2026-01-30 09:32:03.423923,140.31279949365617,7742471,0.022161024863505574,139.15463008805025,140.82647383340452,138.88772297708033,137.12896441259005,140.0109513986519,135.09349313280828,43.727737418799244
2026-02-02 09:32:03.423923,143.3401942140665,36009340,0.02157604104069799,143.357693059867,143.53741390525443,143.2931598925227,138.25103325554102,140.02420990736346,135.51425132340827,58.44005074257899
2026-02-03 09:32:03.423923,139.46235641585875,45196734,-0.027053387359141867,140.66735117939075,141.11263231743723,138.88950575850086,139.21344606454605,139.87197159394614,135.8418923619723,52.585957353307165
2026-02-04 09:32:03.423923,136.9162617946195,37873576,-0.018256500798302433,136.42512178315556,137.2546324339383,136.1714846106083,139.46047022935616,139.48711571539158,136.1525497410834,43.38912378117121
2026-02-05 09:32:03.423923,138.39505399508886,43248102,0.010800705344173211,138.6549131222039,139.05236353320348,137.8284745784748,139.68533318265796,139.10414762024377,136.40097951410135,45.02571226294427
2026-02-06 09:32:03.423923,139.88636021045468,40360898,0.010775719018244256,139.5205027710936,140.47255887318494,139.34435203254048,139.60004532601766,138.80273045976543,136.6540995068033,54.16276633886895
2026-02-09 09:32:03.423923,141.39726631400328,23521804,0.010800953726120888,141.26793863977898,141.6831585083382,141.26721147730066,139.211459746005,138.69677039110886,136.99679330737197,55.80577986152029
2026-02-10 09:32:03.423923,152.36327895956933,14449563,0.07755462981309447,152.51138556790363,153.0992493792343,152.24219716960806,141.79164425474713,139.35292856581097,137.52493071793774,67.62740841272014
2026-02-11 09:32:03.423923,154.17911560177137,39858941,0.011917810213863289,154.32997055362677,154.6556346168419,153.8179206372616,145.2442150161775,140.1585703632195,138.13723225828144,73.72899036567802
2026-02-12 09:32:03.423923,157.75781528178834,42222648,0.023211312803611994,156.8167282692305,158.03694515807365,156.07631523659637,149.1167672735174,141.02145569220542,138.78097001090123,75.79577867414346
2026-02-13 09:32:03.423923,160.84671886910246,39503931,0.01958003526986407,161.4404734265637,162.21427955328878,160.764531327017,153.30883900524697,142.00519350351678,139.42703575733958,77.43916977843901
2026-02-16 09:32:03.423923,163.02262513798854,20164528,0.013527825026115936,161.67888868982254,163.17290829542952,160.9883502546079,157.633910770044,143.2700607175375,140.15753152340454,84.4155710245689
2026-02-17 09:32:03.423923,162.07621605282674,21471192,-0.0058053848928069085,160.90545777177593,162.14942341652738,160.4814525044873,159.5764981886955,144.46031295362664,140.81908813083487,82.0828839759825
2026-02-18 09:32:03.423923,164.61747134801539,40617335,0.01567938440986527,162.98022186266854,165.25206011554818,162.3071781144133,161.6641693379443,145.72089288976264,141.50888063102627,82.48801575939245
2026-02-19 09:32:03.423923,162.15536943146614,21812709,-0.01495650429075146,160.91227360499332,162.21070471239256,160.67221306461235,162.54368016787984,146.9780975004255,142.10534064715097,76.31162161237044
2026-02-20 09:32:03.423923,161.46841894289844,44368581,-0.004236372134800215,161.38176272109078,162.14422804869412,160.70400195095365,162.66802018263905,148.17646723162343,142.58633548654353,73.142210178124
2026-02-23 09:32:03.423923,159.98173545876028,23480953,-0.009207270956581914,160.32122272009534,160.67167961944108,159.3635478110145,162.05984224679338,149.28906150459585,143.04971083358205,77.89789284075991
2026-02-24 09:32:03.423923,160.323693664654,40301804,0.002137482787726519,161.26732509715728,162.0055373062909,160.1392783836302,161.70933776915885,150.57273156928687,143.55980556778346,83.85343662180482
2026-02-25 09:32:03.423923,167.82574773111895,5848287,0.04679317133347016,166.5056278824605,168.43120669077075,166.3962876940314,162.35099304577957,152.17996190731438,144.2665625567839,86.24917547017455
2026-02-26 09:32:03.423923,161.64215706180448,40213228,-0.03684530385183493,162.77600392536183,163.27280008772655,160.94058619609976,162.24835057184723,153.39853279897562,144.8915568494357,74.01977172112136
2026-02-27 09:32:03.423923,163.94154968989102,44750190,0.014225203807490372,164.74805858794488,165.53004084704293,163.1519771414756,162.74297672124573,154.57997030878735,145.5652564623073,74.46436693289789
2026-03-02 09:32:03.423923,158.73569768208966,3225300,-0.03175431742379309,158.44526943017036,159.05050975692257,158.4204709124928,162.49376916591163,155.34974548218852,146.11576155502723,57.90316858344709
2026-03-03 09:32:03.423923,157.3168168514408,12889876,-0.0089386373157887,158.6789856236404,159.43595336007476,156.7416114554656,161.892393803269,156.24246850396761,146.62205503775698,53.93012060286969
2026-03-04 09:32:03.423923,160.82168009233413,37892874,0.022279011939347226,162.40072215654868,162.51034368127497,160.0903237926552,160.49158027551204,157.43773941885337,147.15344977936115,53.844748466630804
2026-03-05 09:32:03.423923,161.10884334572629,49518372,0.0017856003819092248,160.1583070022982,161.49852934151383,159.47174029809383,160.38491753229636,158.57342888638522,147.68854705490412,50.35381049301421
2026-03-06 09:32:03.423923,157.71671347551742,13842659,-0.021054895558585973,157.33576006229148,157.92956103014671,156.57699225429013,159.13995028942168,159.46494654963834,148.07634295816536,43.06585099982466
2026-03-09 09:32:03.423923,155.53926482902858,30975778,-0.013806074185199413,156.86585742566672,157.28927192760915,154.94814245822278,158.50066371880945,160.1720464753896,148.4338502849745,41.723350859470855
2026-03-10 09:32:03.423923,157.73111714641834,34978002,0.014091954978693533,158.43017057653418,158.55851000808482,157.38229575690426,158.58352377780494,160.4404383847321,148.68403038233816,41.20312716774255
2026-03-11 09:32:03.423923,155.50595181004735,3373139,-0.014107332634342606,154.1004723596789,156.16026616406185,153.86011261423468,157.52037812134762,160.50678019514586,148.85191065832123,41.45406619191492
2026-03-12 09:32:03.423923,156.25691676596048,33095633,0.004829171791639553,157.13668846482935,157.801697097489,156.00632540748086,156.54999280539442,160.43173526935448,149.08377835776446,43.31310018211395
2026-03-13 09:32:03.423923,156.47746352823788,43801198,0.0014114367980762044,157.50377069249257,158.25603729827426,155.91068441657285,156.30214281593854,160.21327250231124,149.38057799351174,45.3526541248971
2026-03-16 09:32:03.423923,154.51648686745247,19892008,-0.012532006952116315,155.29062041481788,155.41071607841113,153.94026629307876,156.0975872236233,159.78796558878443,149.60940725006407,42.61561972522303
2026-03-17 09:32:03.423923,161.21923928534198,36427853,0.04337888178650662,162.18506225303315,162.69053839589748,161.05773054180804,156.79521165140804,159.7451167504102,149.9836495820868,41.42492530834266
2026-03-18 09:32:03.423923,163.343847755917,7081950,0.013178380446360327,164.40601620476065,164.79585353805612,162.63483515251582,158.36279084058197,159.6814355708053,150.35825894989094,52.468895008731515
2026-03-19 09:32:03.423923,156.80962803261448,11986868,-0.04000285173315221,155.82613368512182,157.07964145722616,155.2691144398055,158.47333309391277,159.41414850086272,150.57336319258232,40.785017671661954
2026-03-20 09:32:03.423923,157.4727894815122,41480309,0.004229086295388651,156.64036232090953,157.74957953045512,156.1996152771644,158.67239828456763,159.21436702779337,150.80452491381212,48.15119596162032
2026-03-23 09:32:03.423923,155.46725866328921,27582901,-0.012735729295367815,155.88316020777552,156.2048980236854,155.10071936857474,158.862552643735,158.98864318801984,151.04354073333522,47.3381051942666
2026-03-24 09:32:03.423923,158.19550176770036,40521538,0.017548666695924586,159.48595351095173,160.0480821281836,157.76581683625727,158.25780514020667,158.88223359317215,151.42264845937868,46.13396645245247
2026-03-25 09:32:03.423923,155.7671352010308,46238927,-0.015350414768654064,155.19452456471416,156.23310172766654,155.07095423150813,156.7424626292294,158.27930296666776,151.77666557032728,42.60273498561985
2026-03-26 09:32:03.423923,155.48757543282213,12706838,-0.0017947288293380659,155.76218725110024,156.12019224043308,155.3292103660091,156.47805210927095,157.97157388521862,152.07641490494234,46.621842178192836
2026-03-27 09:32:03.423923,157.13570417320034,39673354,0.010599745579609188,157.71076448092268,157.77064206191787,157.0640781912225,156.41063504760857,157.63128160938408,152.39568973554884,52.45877826694783
2026-03-30 09:32:03.423923,159.9350930668375,24954761,0.01781510388340246,159.7813909683729,159.99728010455073,159.65863249301862,157.3042019283182,157.69125137862147,152.8398859797341,53.3321263706319
2026-03-31 09:32:03.423923,156.1756702619658,48196943,-0.02350592814111563,156.84342262551138,156.84525721567442,155.82139072457545,156.9002356271713,157.63419404914774,153.19797595835254,50.967637036625504
2026-04-01 09:32:03.423923,155.20893900287845,17736613,-0.006190024716818954,156.44957820563423,157.20655901120844,154.79736028914806,156.78859638754085,157.35355699467496,153.5140372859042,48.49522044316352
2026-04-02 09:32:03.423923,153.81222831578623,11873803,-0.008998906223218972,154.193995016747,154.19804555311006,153.79849142836608,156.45352696413366,156.98872624317795,153.85005630785574,46.29805833764769
2026-04-03 09:32:03.423923,151.879333928224,47203547,-0.01256658465147431,152.00017235195506,152.07852368776756,151.2742483113668,155.40225291513838,156.6968572658133,154.1376225000414,46.3342041502035
2026-04-06 09:32:03.423923,157.31799387708114,33362868,0.03580908480562184,157.12526258143723,157.56545237307063,156.894156481164,154.87883307718715,156.7857937182159,154.52938537759684,44.379520285316964
2026-04-07 09:32:03.423923,158.6708710805254,3667867,0.008599634219219165,158.9167673625545,159.55833839000178,157.9474619907769,155.37787324089905,156.83278141492127,155.00979695179066,43.11458848659374
2026-04-08 09:32:03.423923,154.7488954087497,27729123,-0.02471767908670075,154.30124539243502,155.49331403060515,153.55480442790093,155.2858645220733,156.79492859485637,155.39115204055426,46.710370401735844
2026-04-09 09:32:03.423923,157.66703230534307,46412441,0.018857238941095478,157.32483843261173,158.28982777182154,157.17895199513973,156.05682531998468,156.86543437182553,155.79907790208952,50.28925303496454
